1,1,0.85,s,1.0
1,1,0.85,a,0.849609375
1,1,0.85,b,0.150390625
2,1,0.85,s,0.837890625
2,1,0.85,a,0.98046875
2,1,0.85,b,0.0
3,1,0.85,s,0.982421875
3,1,0.85,a,0.998046875
3,1,0.85,b,0.0
4,1,0.85,s,0.998046875
4,1,0.85,a,1.0
4,1,0.85,b,0.0
5,1,0.85,s,1.0
5,1,0.85,a,1.0
5,1,0.85,b,0.0
6,1,0.85,s,1.0
6,1,0.85,a,1.0
6,1,0.85,b,0.0
7,1,0.85,s,1.0
7,1,0.85,a,1.0
7,1,0.85,b,0.0
8,1,0.85,s,1.0
8,1,0.85,a,1.0
8,1,0.85,b,0.0
9,1,0.85,s,1.0
9,1,0.85,a,1.0
9,1,0.85,b,0.0
10,1,0.85,s,1.0
10,1,0.85,a,1.0
10,1,0.85,b,0.0
11,1,0.85,s,1.0
11,1,0.85,a,1.0
11,1,0.85,b,0.0
12,1,0.85,s,1.0
12,1,0.85,a,1.0
12,1,0.85,b,0.0
13,1,0.85,s,1.0
13,1,0.85,a,1.0
13,1,0.85,b,0.0
14,1,0.85,s,0.99609375
14,1,0.85,a,0.99609375
14,1,0.85,b,0.0
15,1,0.85,s,0.99609375
15,1,0.85,a,1.0
15,1,0.85,b,0.0
16,1,0.85,s,1.0
16,1,0.85,a,1.0
16,1,0.85,b,0.0
17,1,0.85,s,0.99609375
17,1,0.85,a,0.99609375
17,1,0.85,b,0.0
18,1,0.85,s,0.99609375
18,1,0.85,a,1.0
18,1,0.85,b,0.0
19,1,0.85,s,1.0
19,1,0.85,a,1.0
19,1,0.85,b,0.0
20,1,0.85,s,0.998046875
20,1,0.85,a,0.998046875
20,1,0.85,b,0.0
1,2,0.85,s,1.0
1,2,0.85,a,0.837890625
1,2,0.85,b,0.162109375
2,2,0.85,s,0.826171875
2,2,0.85,a,0.98046875
2,2,0.85,b,0.0
3,2,0.85,s,0.978515625
3,2,0.85,a,0.998046875
3,2,0.85,b,0.0
4,2,0.85,s,0.998046875
4,2,0.85,a,1.0
4,2,0.85,b,0.0
5,2,0.85,s,1.0
5,2,0.85,a,1.0
5,2,0.85,b,0.0
6,2,0.85,s,1.0
6,2,0.85,a,1.0
6,2,0.85,b,0.0
7,2,0.85,s,1.0
7,2,0.85,a,1.0
7,2,0.85,b,0.0
8,2,0.85,s,1.0
8,2,0.85,a,1.0
8,2,0.85,b,0.0
9,2,0.85,s,1.0
9,2,0.85,a,1.0
9,2,0.85,b,0.0
10,2,0.85,s,1.0
10,2,0.85,a,1.0
10,2,0.85,b,0.0
11,2,0.85,s,1.0
11,2,0.85,a,1.0
11,2,0.85,b,0.0
12,2,0.85,s,1.0
12,2,0.85,a,1.0
12,2,0.85,b,0.0
13,2,0.85,s,1.0
13,2,0.85,a,1.0
13,2,0.85,b,0.0
14,2,0.85,s,1.0
14,2,0.85,a,1.0
14,2,0.85,b,0.0
15,2,0.85,s,1.0
15,2,0.85,a,1.0
15,2,0.85,b,0.0
16,2,0.85,s,1.0
16,2,0.85,a,1.0
16,2,0.85,b,0.0
17,2,0.85,s,1.0
17,2,0.85,a,1.0
17,2,0.85,b,0.0
18,2,0.85,s,1.0
18,2,0.85,a,1.0
18,2,0.85,b,0.0
19,2,0.85,s,1.0
19,2,0.85,a,1.0
19,2,0.85,b,0.0
20,2,0.85,s,0.998046875
20,2,0.85,a,0.998046875
20,2,0.85,b,0.0
1,3,0.85,s,1.0
1,3,0.85,a,0.82421875
1,3,0.85,b,0.1796875
2,3,0.85,s,0.8203125
2,3,0.85,a,0.9921875
2,3,0.85,b,0.00390625
3,3,0.85,s,0.9921875
3,3,0.85,a,1.0
3,3,0.85,b,0.00390625
4,3,0.85,s,1.0
4,3,0.85,a,1.0
4,3,0.85,b,0.00390625
5,3,0.85,s,0.998046875
5,3,0.85,a,0.998046875
5,3,0.85,b,0.00390625
6,3,0.85,s,0.998046875
6,3,0.85,a,1.0
6,3,0.85,b,0.00390625
7,3,0.85,s,1.0
7,3,0.85,a,1.0
7,3,0.85,b,0.00390625
8,3,0.85,s,1.0
8,3,0.85,a,1.0
8,3,0.85,b,0.00390625
9,3,0.85,s,1.0
9,3,0.85,a,1.0
9,3,0.85,b,0.00390625
10,3,0.85,s,1.0
10,3,0.85,a,1.0
10,3,0.85,b,0.00390625
11,3,0.85,s,1.0
11,3,0.85,a,1.0
11,3,0.85,b,0.00390625
12,3,0.85,s,1.0
12,3,0.85,a,1.0
12,3,0.85,b,0.00390625
13,3,0.85,s,1.0
13,3,0.85,a,1.0
13,3,0.85,b,0.00390625
14,3,0.85,s,0.9921875
14,3,0.85,a,0.9921875
14,3,0.85,b,0.00390625
15,3,0.85,s,0.9921875
15,3,0.85,a,1.0
15,3,0.85,b,0.00390625
16,3,0.85,s,1.0
16,3,0.85,a,1.0
16,3,0.85,b,0.00390625
17,3,0.85,s,1.0
17,3,0.85,a,1.0
17,3,0.85,b,0.00390625
18,3,0.85,s,1.0
18,3,0.85,a,1.0
18,3,0.85,b,0.00390625
19,3,0.85,s,1.0
19,3,0.85,a,1.0
19,3,0.85,b,0.00390625
20,3,0.85,s,1.0
20,3,0.85,a,1.0
20,3,0.85,b,0.00390625
1,4,0.85,s,1.0
1,4,0.85,a,0.845703125
1,4,0.85,b,0.154296875
2,4,0.85,s,0.80078125
2,4,0.85,a,0.94921875
2,4,0.85,b,0.0
3,4,0.85,s,0.94921875
3,4,0.85,a,1.0
3,4,0.85,b,0.0
4,4,0.85,s,1.0
4,4,0.85,a,1.0
4,4,0.85,b,0.0
5,4,0.85,s,0.998046875
5,4,0.85,a,0.998046875
5,4,0.85,b,0.0
6,4,0.85,s,0.998046875
6,4,0.85,a,1.0
6,4,0.85,b,0.0
7,4,0.85,s,0.998046875
7,4,0.85,a,0.998046875
7,4,0.85,b,0.0
8,4,0.85,s,0.998046875
8,4,0.85,a,1.0
8,4,0.85,b,0.0
9,4,0.85,s,1.0
9,4,0.85,a,1.0
9,4,0.85,b,0.0
10,4,0.85,s,1.0
10,4,0.85,a,1.0
10,4,0.85,b,0.0
11,4,0.85,s,1.0
11,4,0.85,a,1.0
11,4,0.85,b,0.0
12,4,0.85,s,1.0
12,4,0.85,a,1.0
12,4,0.85,b,0.0
13,4,0.85,s,1.0
13,4,0.85,a,1.0
13,4,0.85,b,0.0
14,4,0.85,s,1.0
14,4,0.85,a,1.0
14,4,0.85,b,0.0
15,4,0.85,s,1.0
15,4,0.85,a,1.0
15,4,0.85,b,0.0
16,4,0.85,s,1.0
16,4,0.85,a,1.0
16,4,0.85,b,0.0
17,4,0.85,s,1.0
17,4,0.85,a,1.0
17,4,0.85,b,0.0
18,4,0.85,s,1.0
18,4,0.85,a,1.0
18,4,0.85,b,0.0
19,4,0.85,s,1.0
19,4,0.85,a,1.0
19,4,0.85,b,0.0
20,4,0.85,s,0.990234375
20,4,0.85,a,0.990234375
20,4,0.85,b,0.0
1,5,0.85,s,1.0
1,5,0.85,a,0.830078125
1,5,0.85,b,0.169921875
2,5,0.85,s,0.806640625
2,5,0.85,a,0.962890625
2,5,0.85,b,0.0
3,5,0.85,s,0.962890625
3,5,0.85,a,1.0
3,5,0.85,b,0.0
4,5,0.85,s,1.0
4,5,0.85,a,1.0
4,5,0.85,b,0.0
5,5,0.85,s,1.0
5,5,0.85,a,1.0
5,5,0.85,b,0.0
6,5,0.85,s,1.0
6,5,0.85,a,1.0
6,5,0.85,b,0.0
7,5,0.85,s,1.0
7,5,0.85,a,1.0
7,5,0.85,b,0.0
8,5,0.85,s,1.0
8,5,0.85,a,1.0
8,5,0.85,b,0.0
9,5,0.85,s,1.0
9,5,0.85,a,1.0
9,5,0.85,b,0.0
10,5,0.85,s,1.0
10,5,0.85,a,1.0
10,5,0.85,b,0.0
11,5,0.85,s,1.0
11,5,0.85,a,1.0
11,5,0.85,b,0.0
12,5,0.85,s,1.0
12,5,0.85,a,1.0
12,5,0.85,b,0.0
13,5,0.85,s,1.0
13,5,0.85,a,1.0
13,5,0.85,b,0.0
14,5,0.85,s,0.998046875
14,5,0.85,a,0.998046875
14,5,0.85,b,0.0
15,5,0.85,s,0.99609375
15,5,0.85,a,0.998046875
15,5,0.85,b,0.0
16,5,0.85,s,0.99609375
16,5,0.85,a,0.998046875
16,5,0.85,b,0.0
17,5,0.85,s,0.998046875
17,5,0.85,a,1.0
17,5,0.85,b,0.0
18,5,0.85,s,1.0
18,5,0.85,a,1.0
18,5,0.85,b,0.0
19,5,0.85,s,1.0
19,5,0.85,a,1.0
19,5,0.85,b,0.0
20,5,0.85,s,1.0
20,5,0.85,a,1.0
20,5,0.85,b,0.0
1,6,0.85,s,1.0
1,6,0.85,a,0.830078125
1,6,0.85,b,0.169921875
2,6,0.85,s,0.802734375
2,6,0.85,a,0.962890625
2,6,0.85,b,0.0
3,6,0.85,s,0.962890625
3,6,0.85,a,1.0
3,6,0.85,b,0.0
4,6,0.85,s,1.0
4,6,0.85,a,1.0
4,6,0.85,b,0.0
5,6,0.85,s,1.0
5,6,0.85,a,1.0
5,6,0.85,b,0.0
6,6,0.85,s,1.0
6,6,0.85,a,1.0
6,6,0.85,b,0.0
7,6,0.85,s,1.0
7,6,0.85,a,1.0
7,6,0.85,b,0.0
8,6,0.85,s,1.0
8,6,0.85,a,1.0
8,6,0.85,b,0.0
9,6,0.85,s,0.9921875
9,6,0.85,a,0.9921875
9,6,0.85,b,0.0
10,6,0.85,s,0.9921875
10,6,0.85,a,1.0
10,6,0.85,b,0.0
11,6,0.85,s,1.0
11,6,0.85,a,1.0
11,6,0.85,b,0.0
12,6,0.85,s,1.0
12,6,0.85,a,1.0
12,6,0.85,b,0.0
13,6,0.85,s,1.0
13,6,0.85,a,1.0
13,6,0.85,b,0.0
14,6,0.85,s,1.0
14,6,0.85,a,1.0
14,6,0.85,b,0.0
15,6,0.85,s,0.998046875
15,6,0.85,a,0.998046875
15,6,0.85,b,0.0
16,6,0.85,s,0.998046875
16,6,0.85,a,1.0
16,6,0.85,b,0.0
17,6,0.85,s,1.0
17,6,0.85,a,1.0
17,6,0.85,b,0.0
18,6,0.85,s,1.0
18,6,0.85,a,1.0
18,6,0.85,b,0.0
19,6,0.85,s,0.990234375
19,6,0.85,a,0.990234375
19,6,0.85,b,0.0
20,6,0.85,s,0.990234375
20,6,0.85,a,1.0
20,6,0.85,b,0.0
1,7,0.85,s,1.0
1,7,0.85,a,0.841796875
1,7,0.85,b,0.158203125
2,7,0.85,s,0.837890625
2,7,0.85,a,0.99609375
2,7,0.85,b,0.0
3,7,0.85,s,0.99609375
3,7,0.85,a,1.0
3,7,0.85,b,0.0
4,7,0.85,s,1.0
4,7,0.85,a,1.0
4,7,0.85,b,0.0
5,7,0.85,s,1.0
5,7,0.85,a,1.0
5,7,0.85,b,0.0
6,7,0.85,s,1.0
6,7,0.85,a,1.0
6,7,0.85,b,0.0
7,7,0.85,s,1.0
7,7,0.85,a,1.0
7,7,0.85,b,0.0
8,7,0.85,s,1.0
8,7,0.85,a,1.0
8,7,0.85,b,0.0
9,7,0.85,s,1.0
9,7,0.85,a,1.0
9,7,0.85,b,0.0
10,7,0.85,s,0.998046875
10,7,0.85,a,0.998046875
10,7,0.85,b,0.0
11,7,0.85,s,0.998046875
11,7,0.85,a,1.0
11,7,0.85,b,0.0
12,7,0.85,s,1.0
12,7,0.85,a,1.0
12,7,0.85,b,0.0
13,7,0.85,s,1.0
13,7,0.85,a,1.0
13,7,0.85,b,0.0
14,7,0.85,s,1.0
14,7,0.85,a,1.0
14,7,0.85,b,0.0
15,7,0.85,s,1.0
15,7,0.85,a,1.0
15,7,0.85,b,0.0
16,7,0.85,s,1.0
16,7,0.85,a,1.0
16,7,0.85,b,0.0
17,7,0.85,s,1.0
17,7,0.85,a,1.0
17,7,0.85,b,0.0
18,7,0.85,s,1.0
18,7,0.85,a,1.0
18,7,0.85,b,0.0
19,7,0.85,s,1.0
19,7,0.85,a,1.0
19,7,0.85,b,0.0
20,7,0.85,s,1.0
20,7,0.85,a,1.0
20,7,0.85,b,0.0
1,8,0.85,s,1.0
1,8,0.85,a,0.857421875
1,8,0.85,b,0.142578125
2,8,0.85,s,0.779296875
2,8,0.85,a,0.89453125
2,8,0.85,b,0.0
3,8,0.85,s,0.900390625
3,8,0.85,a,0.939453125
3,8,0.85,b,0.001953125
4,8,0.85,s,0.951171875
4,8,0.85,a,0.98046875
4,8,0.85,b,0.0
5,8,0.85,s,0.98046875
5,8,0.85,a,1.0
5,8,0.85,b,0.0
6,8,0.85,s,1.0
6,8,0.85,a,1.0
6,8,0.85,b,0.0
7,8,0.85,s,1.0
7,8,0.85,a,1.0
7,8,0.85,b,0.0
8,8,0.85,s,1.0
8,8,0.85,a,1.0
8,8,0.85,b,0.0
9,8,0.85,s,1.0
9,8,0.85,a,1.0
9,8,0.85,b,0.0
10,8,0.85,s,1.0
10,8,0.85,a,1.0
10,8,0.85,b,0.0
11,8,0.85,s,1.0
11,8,0.85,a,1.0
11,8,0.85,b,0.0
12,8,0.85,s,1.0
12,8,0.85,a,1.0
12,8,0.85,b,0.0
13,8,0.85,s,1.0
13,8,0.85,a,1.0
13,8,0.85,b,0.0
14,8,0.85,s,1.0
14,8,0.85,a,1.0
14,8,0.85,b,0.0
15,8,0.85,s,1.0
15,8,0.85,a,1.0
15,8,0.85,b,0.0
16,8,0.85,s,1.0
16,8,0.85,a,1.0
16,8,0.85,b,0.0
17,8,0.85,s,1.0
17,8,0.85,a,1.0
17,8,0.85,b,0.0
18,8,0.85,s,1.0
18,8,0.85,a,1.0
18,8,0.85,b,0.0
19,8,0.85,s,1.0
19,8,0.85,a,1.0
19,8,0.85,b,0.0
20,8,0.85,s,1.0
20,8,0.85,a,1.0
20,8,0.85,b,0.0
1,9,0.85,s,1.0
1,9,0.85,a,0.8515625
1,9,0.85,b,0.1484375
2,9,0.85,s,0.56640625
2,9,0.85,a,0.65234375
2,9,0.85,b,0.001953125
3,9,0.85,s,0.615234375
3,9,0.85,a,0.84375
3,9,0.85,b,0.0
4,9,0.85,s,0.84375
4,9,0.85,a,0.984375
4,9,0.85,b,0.0
5,9,0.85,s,0.982421875
5,9,0.85,a,0.990234375
5,9,0.85,b,0.0
6,9,0.85,s,0.990234375
6,9,0.85,a,1.0
6,9,0.85,b,0.0
7,9,0.85,s,1.0
7,9,0.85,a,1.0
7,9,0.85,b,0.0
8,9,0.85,s,1.0
8,9,0.85,a,1.0
8,9,0.85,b,0.0
9,9,0.85,s,1.0
9,9,0.85,a,1.0
9,9,0.85,b,0.0
10,9,0.85,s,1.0
10,9,0.85,a,1.0
10,9,0.85,b,0.0
11,9,0.85,s,1.0
11,9,0.85,a,1.0
11,9,0.85,b,0.0
12,9,0.85,s,1.0
12,9,0.85,a,1.0
12,9,0.85,b,0.0
13,9,0.85,s,1.0
13,9,0.85,a,1.0
13,9,0.85,b,0.0
14,9,0.85,s,1.0
14,9,0.85,a,1.0
14,9,0.85,b,0.0
15,9,0.85,s,1.0
15,9,0.85,a,1.0
15,9,0.85,b,0.0
16,9,0.85,s,1.0
16,9,0.85,a,1.0
16,9,0.85,b,0.0
17,9,0.85,s,1.0
17,9,0.85,a,1.0
17,9,0.85,b,0.0
18,9,0.85,s,1.0
18,9,0.85,a,1.0
18,9,0.85,b,0.0
19,9,0.85,s,1.0
19,9,0.85,a,1.0
19,9,0.85,b,0.0
20,9,0.85,s,1.0
20,9,0.85,a,1.0
20,9,0.85,b,0.0
1,10,0.85,s,1.0
1,10,0.85,a,0.865234375
1,10,0.85,b,0.138671875
2,10,0.85,s,0.734375
2,10,0.85,a,0.84375
2,10,0.85,b,0.00390625
3,10,0.85,s,0.84375
3,10,0.85,a,1.0
3,10,0.85,b,0.00390625
4,10,0.85,s,1.0
4,10,0.85,a,1.0
4,10,0.85,b,0.00390625
5,10,0.85,s,1.0
5,10,0.85,a,1.0
5,10,0.85,b,0.00390625
6,10,0.85,s,1.0
6,10,0.85,a,1.0
6,10,0.85,b,0.00390625
7,10,0.85,s,1.0
7,10,0.85,a,1.0
7,10,0.85,b,0.00390625
8,10,0.85,s,1.0
8,10,0.85,a,1.0
8,10,0.85,b,0.00390625
9,10,0.85,s,0.998046875
9,10,0.85,a,0.998046875
9,10,0.85,b,0.00390625
10,10,0.85,s,0.998046875
10,10,0.85,a,1.0
10,10,0.85,b,0.00390625
11,10,0.85,s,1.0
11,10,0.85,a,1.0
11,10,0.85,b,0.00390625
12,10,0.85,s,0.998046875
12,10,0.85,a,0.998046875
12,10,0.85,b,0.00390625
13,10,0.85,s,0.998046875
13,10,0.85,a,1.0
13,10,0.85,b,0.00390625
14,10,0.85,s,1.0
14,10,0.85,a,1.0
14,10,0.85,b,0.00390625
15,10,0.85,s,1.0
15,10,0.85,a,1.0
15,10,0.85,b,0.00390625
16,10,0.85,s,1.0
16,10,0.85,a,1.0
16,10,0.85,b,0.00390625
17,10,0.85,s,1.0
17,10,0.85,a,1.0
17,10,0.85,b,0.00390625
18,10,0.85,s,1.0
18,10,0.85,a,1.0
18,10,0.85,b,0.00390625
19,10,0.85,s,1.0
19,10,0.85,a,1.0
19,10,0.85,b,0.00390625
20,10,0.85,s,1.0
20,10,0.85,a,1.0
20,10,0.85,b,0.00390625
1,11,0.85,s,1.0
1,11,0.85,a,0.83984375
1,11,0.85,b,0.16015625
2,11,0.85,s,0.818359375
2,11,0.85,a,0.958984375
2,11,0.85,b,0.0
3,11,0.85,s,0.96875
3,11,0.85,a,0.990234375
3,11,0.85,b,0.0
4,11,0.85,s,0.990234375
4,11,0.85,a,1.0
4,11,0.85,b,0.0
5,11,0.85,s,1.0
5,11,0.85,a,1.0
5,11,0.85,b,0.0
6,11,0.85,s,1.0
6,11,0.85,a,1.0
6,11,0.85,b,0.0
7,11,0.85,s,1.0
7,11,0.85,a,1.0
7,11,0.85,b,0.0
8,11,0.85,s,1.0
8,11,0.85,a,1.0
8,11,0.85,b,0.0
9,11,0.85,s,1.0
9,11,0.85,a,1.0
9,11,0.85,b,0.0
10,11,0.85,s,1.0
10,11,0.85,a,1.0
10,11,0.85,b,0.0
11,11,0.85,s,1.0
11,11,0.85,a,1.0
11,11,0.85,b,0.0
12,11,0.85,s,1.0
12,11,0.85,a,1.0
12,11,0.85,b,0.0
13,11,0.85,s,1.0
13,11,0.85,a,1.0
13,11,0.85,b,0.0
14,11,0.85,s,1.0
14,11,0.85,a,1.0
14,11,0.85,b,0.0
15,11,0.85,s,1.0
15,11,0.85,a,1.0
15,11,0.85,b,0.0
16,11,0.85,s,1.0
16,11,0.85,a,1.0
16,11,0.85,b,0.0
17,11,0.85,s,1.0
17,11,0.85,a,1.0
17,11,0.85,b,0.0
18,11,0.85,s,1.0
18,11,0.85,a,1.0
18,11,0.85,b,0.0
19,11,0.85,s,1.0
19,11,0.85,a,1.0
19,11,0.85,b,0.0
20,11,0.85,s,1.0
20,11,0.85,a,1.0
20,11,0.85,b,0.0
1,12,0.85,s,1.0
1,12,0.85,a,0.865234375
1,12,0.85,b,0.134765625
2,12,0.85,s,0.818359375
2,12,0.85,a,0.943359375
2,12,0.85,b,0.0
3,12,0.85,s,0.958984375
3,12,0.85,a,0.9609375
3,12,0.85,b,0.0
4,12,0.85,s,0.96484375
4,12,0.85,a,0.99609375
4,12,0.85,b,0.0
5,12,0.85,s,0.99609375
5,12,0.85,a,1.0
5,12,0.85,b,0.0
6,12,0.85,s,1.0
6,12,0.85,a,1.0
6,12,0.85,b,0.0
7,12,0.85,s,1.0
7,12,0.85,a,1.0
7,12,0.85,b,0.0
8,12,0.85,s,1.0
8,12,0.85,a,1.0
8,12,0.85,b,0.0
9,12,0.85,s,1.0
9,12,0.85,a,1.0
9,12,0.85,b,0.0
10,12,0.85,s,1.0
10,12,0.85,a,1.0
10,12,0.85,b,0.0
11,12,0.85,s,1.0
11,12,0.85,a,1.0
11,12,0.85,b,0.0
12,12,0.85,s,1.0
12,12,0.85,a,1.0
12,12,0.85,b,0.0
13,12,0.85,s,1.0
13,12,0.85,a,1.0
13,12,0.85,b,0.0
14,12,0.85,s,1.0
14,12,0.85,a,1.0
14,12,0.85,b,0.0
15,12,0.85,s,1.0
15,12,0.85,a,1.0
15,12,0.85,b,0.0
16,12,0.85,s,1.0
16,12,0.85,a,1.0
16,12,0.85,b,0.0
17,12,0.85,s,1.0
17,12,0.85,a,1.0
17,12,0.85,b,0.0
18,12,0.85,s,1.0
18,12,0.85,a,1.0
18,12,0.85,b,0.0
19,12,0.85,s,1.0
19,12,0.85,a,1.0
19,12,0.85,b,0.0
20,12,0.85,s,1.0
20,12,0.85,a,1.0
20,12,0.85,b,0.0
1,13,0.85,s,1.0
1,13,0.85,a,0.822265625
1,13,0.85,b,0.177734375
2,13,0.85,s,0.734375
2,13,0.85,a,0.88671875
2,13,0.85,b,0.0
3,13,0.85,s,0.896484375
3,13,0.85,a,0.943359375
3,13,0.85,b,0.0
4,13,0.85,s,0.943359375
4,13,0.85,a,0.998046875
4,13,0.85,b,0.0
5,13,0.85,s,0.998046875
5,13,0.85,a,1.0
5,13,0.85,b,0.0
6,13,0.85,s,1.0
6,13,0.85,a,1.0
6,13,0.85,b,0.0
7,13,0.85,s,1.0
7,13,0.85,a,1.0
7,13,0.85,b,0.0
8,13,0.85,s,1.0
8,13,0.85,a,1.0
8,13,0.85,b,0.0
9,13,0.85,s,1.0
9,13,0.85,a,1.0
9,13,0.85,b,0.0
10,13,0.85,s,1.0
10,13,0.85,a,1.0
10,13,0.85,b,0.0
11,13,0.85,s,1.0
11,13,0.85,a,1.0
11,13,0.85,b,0.0
12,13,0.85,s,1.0
12,13,0.85,a,1.0
12,13,0.85,b,0.0
13,13,0.85,s,1.0
13,13,0.85,a,1.0
13,13,0.85,b,0.0
14,13,0.85,s,1.0
14,13,0.85,a,1.0
14,13,0.85,b,0.0
15,13,0.85,s,1.0
15,13,0.85,a,1.0
15,13,0.85,b,0.0
16,13,0.85,s,0.9375
16,13,0.85,a,0.9375
16,13,0.85,b,0.0
17,13,0.85,s,0.943359375
17,13,0.85,a,0.958984375
17,13,0.85,b,0.0
18,13,0.85,s,0.9609375
18,13,0.85,a,0.998046875
18,13,0.85,b,0.0
19,13,0.85,s,0.998046875
19,13,0.85,a,1.0
19,13,0.85,b,0.0
20,13,0.85,s,1.0
20,13,0.85,a,1.0
20,13,0.85,b,0.0
1,14,0.85,s,1.0
1,14,0.85,a,0.8515625
1,14,0.85,b,0.1484375
2,14,0.85,s,0.46875
2,14,0.85,a,0.544921875
2,14,0.85,b,0.001953125
3,14,0.85,s,0.53515625
3,14,0.85,a,0.951171875
3,14,0.85,b,0.0
4,14,0.85,s,0.951171875
4,14,0.85,a,1.0
4,14,0.85,b,0.0
5,14,0.85,s,1.0
5,14,0.85,a,1.0
5,14,0.85,b,0.0
6,14,0.85,s,0.994140625
6,14,0.85,a,0.994140625
6,14,0.85,b,0.0
7,14,0.85,s,0.994140625
7,14,0.85,a,1.0
7,14,0.85,b,0.0
8,14,0.85,s,1.0
8,14,0.85,a,1.0
8,14,0.85,b,0.0
9,14,0.85,s,1.0
9,14,0.85,a,1.0
9,14,0.85,b,0.0
10,14,0.85,s,1.0
10,14,0.85,a,1.0
10,14,0.85,b,0.0
11,14,0.85,s,1.0
11,14,0.85,a,1.0
11,14,0.85,b,0.0
12,14,0.85,s,1.0
12,14,0.85,a,1.0
12,14,0.85,b,0.0
13,14,0.85,s,1.0
13,14,0.85,a,1.0
13,14,0.85,b,0.0
14,14,0.85,s,1.0
14,14,0.85,a,1.0
14,14,0.85,b,0.0
15,14,0.85,s,1.0
15,14,0.85,a,1.0
15,14,0.85,b,0.0
16,14,0.85,s,1.0
16,14,0.85,a,1.0
16,14,0.85,b,0.0
17,14,0.85,s,1.0
17,14,0.85,a,1.0
17,14,0.85,b,0.0
18,14,0.85,s,1.0
18,14,0.85,a,1.0
18,14,0.85,b,0.0
19,14,0.85,s,1.0
19,14,0.85,a,1.0
19,14,0.85,b,0.0
20,14,0.85,s,1.0
20,14,0.85,a,1.0
20,14,0.85,b,0.0
1,15,0.85,s,1.0
1,15,0.85,a,0.873046875
1,15,0.85,b,0.126953125
2,15,0.85,s,0.845703125
2,15,0.85,a,0.962890625
2,15,0.85,b,0.0
3,15,0.85,s,0.962890625
3,15,0.85,a,1.0
3,15,0.85,b,0.0
4,15,0.85,s,0.998046875
4,15,0.85,a,0.998046875
4,15,0.85,b,0.0
5,15,0.85,s,0.998046875
5,15,0.85,a,1.0
5,15,0.85,b,0.0
6,15,0.85,s,1.0
6,15,0.85,a,1.0
6,15,0.85,b,0.0
7,15,0.85,s,1.0
7,15,0.85,a,1.0
7,15,0.85,b,0.0
8,15,0.85,s,1.0
8,15,0.85,a,1.0
8,15,0.85,b,0.0
9,15,0.85,s,1.0
9,15,0.85,a,1.0
9,15,0.85,b,0.0
10,15,0.85,s,1.0
10,15,0.85,a,1.0
10,15,0.85,b,0.0
11,15,0.85,s,1.0
11,15,0.85,a,1.0
11,15,0.85,b,0.0
12,15,0.85,s,1.0
12,15,0.85,a,1.0
12,15,0.85,b,0.0
13,15,0.85,s,1.0
13,15,0.85,a,1.0
13,15,0.85,b,0.0
14,15,0.85,s,0.998046875
14,15,0.85,a,0.998046875
14,15,0.85,b,0.0
15,15,0.85,s,0.998046875
15,15,0.85,a,1.0
15,15,0.85,b,0.0
16,15,0.85,s,1.0
16,15,0.85,a,1.0
16,15,0.85,b,0.0
17,15,0.85,s,1.0
17,15,0.85,a,1.0
17,15,0.85,b,0.0
18,15,0.85,s,1.0
18,15,0.85,a,1.0
18,15,0.85,b,0.0
19,15,0.85,s,1.0
19,15,0.85,a,1.0
19,15,0.85,b,0.0
20,15,0.85,s,1.0
20,15,0.85,a,1.0
20,15,0.85,b,0.0
1,16,0.85,s,1.0
1,16,0.85,a,0.87109375
1,16,0.85,b,0.12890625
2,16,0.85,s,0.869140625
2,16,0.85,a,0.998046875
2,16,0.85,b,0.0
3,16,0.85,s,0.998046875
3,16,0.85,a,1.0
3,16,0.85,b,0.0
4,16,0.85,s,1.0
4,16,0.85,a,1.0
4,16,0.85,b,0.0
5,16,0.85,s,1.0
5,16,0.85,a,1.0
5,16,0.85,b,0.0
6,16,0.85,s,1.0
6,16,0.85,a,1.0
6,16,0.85,b,0.0
7,16,0.85,s,1.0
7,16,0.85,a,1.0
7,16,0.85,b,0.0
8,16,0.85,s,1.0
8,16,0.85,a,1.0
8,16,0.85,b,0.0
9,16,0.85,s,1.0
9,16,0.85,a,1.0
9,16,0.85,b,0.0
10,16,0.85,s,1.0
10,16,0.85,a,1.0
10,16,0.85,b,0.0
11,16,0.85,s,0.998046875
11,16,0.85,a,0.998046875
11,16,0.85,b,0.0
12,16,0.85,s,0.998046875
12,16,0.85,a,1.0
12,16,0.85,b,0.0
13,16,0.85,s,1.0
13,16,0.85,a,1.0
13,16,0.85,b,0.0
14,16,0.85,s,1.0
14,16,0.85,a,1.0
14,16,0.85,b,0.0
15,16,0.85,s,0.99609375
15,16,0.85,a,0.99609375
15,16,0.85,b,0.0
16,16,0.85,s,0.99609375
16,16,0.85,a,1.0
16,16,0.85,b,0.0
17,16,0.85,s,1.0
17,16,0.85,a,1.0
17,16,0.85,b,0.0
18,16,0.85,s,1.0
18,16,0.85,a,1.0
18,16,0.85,b,0.0
19,16,0.85,s,1.0
19,16,0.85,a,1.0
19,16,0.85,b,0.0
20,16,0.85,s,1.0
20,16,0.85,a,1.0
20,16,0.85,b,0.0
1,17,0.85,s,1.0
1,17,0.85,a,0.849609375
1,17,0.85,b,0.150390625
2,17,0.85,s,0.83203125
2,17,0.85,a,0.9765625
2,17,0.85,b,0.0
3,17,0.85,s,0.9765625
3,17,0.85,a,1.0
3,17,0.85,b,0.0
4,17,0.85,s,1.0
4,17,0.85,a,1.0
4,17,0.85,b,0.0
5,17,0.85,s,1.0
5,17,0.85,a,1.0
5,17,0.85,b,0.0
6,17,0.85,s,1.0
6,17,0.85,a,1.0
6,17,0.85,b,0.0
7,17,0.85,s,1.0
7,17,0.85,a,1.0
7,17,0.85,b,0.0
8,17,0.85,s,1.0
8,17,0.85,a,1.0
8,17,0.85,b,0.0
9,17,0.85,s,1.0
9,17,0.85,a,1.0
9,17,0.85,b,0.0
10,17,0.85,s,1.0
10,17,0.85,a,1.0
10,17,0.85,b,0.0
11,17,0.85,s,1.0
11,17,0.85,a,1.0
11,17,0.85,b,0.0
12,17,0.85,s,1.0
12,17,0.85,a,1.0
12,17,0.85,b,0.0
13,17,0.85,s,1.0
13,17,0.85,a,1.0
13,17,0.85,b,0.0
14,17,0.85,s,1.0
14,17,0.85,a,1.0
14,17,0.85,b,0.0
15,17,0.85,s,1.0
15,17,0.85,a,1.0
15,17,0.85,b,0.0
16,17,0.85,s,1.0
16,17,0.85,a,1.0
16,17,0.85,b,0.0
17,17,0.85,s,1.0
17,17,0.85,a,1.0
17,17,0.85,b,0.0
18,17,0.85,s,0.998046875
18,17,0.85,a,0.998046875
18,17,0.85,b,0.0
19,17,0.85,s,0.998046875
19,17,0.85,a,1.0
19,17,0.85,b,0.0
20,17,0.85,s,1.0
20,17,0.85,a,1.0
20,17,0.85,b,0.0
1,18,0.85,s,1.0
1,18,0.85,a,0.849609375
1,18,0.85,b,0.15234375
2,18,0.85,s,0.849609375
2,18,0.85,a,1.0
2,18,0.85,b,0.001953125
3,18,0.85,s,1.0
3,18,0.85,a,1.0
3,18,0.85,b,0.001953125
4,18,0.85,s,1.0
4,18,0.85,a,1.0
4,18,0.85,b,0.001953125
5,18,0.85,s,1.0
5,18,0.85,a,1.0
5,18,0.85,b,0.001953125
6,18,0.85,s,0.998046875
6,18,0.85,a,0.998046875
6,18,0.85,b,0.001953125
7,18,0.85,s,0.998046875
7,18,0.85,a,1.0
7,18,0.85,b,0.001953125
8,18,0.85,s,0.998046875
8,18,0.85,a,0.998046875
8,18,0.85,b,0.001953125
9,18,0.85,s,0.998046875
9,18,0.85,a,1.0
9,18,0.85,b,0.001953125
10,18,0.85,s,1.0
10,18,0.85,a,1.0
10,18,0.85,b,0.001953125
11,18,0.85,s,1.0
11,18,0.85,a,1.0
11,18,0.85,b,0.001953125
12,18,0.85,s,1.0
12,18,0.85,a,1.0
12,18,0.85,b,0.001953125
13,18,0.85,s,1.0
13,18,0.85,a,1.0
13,18,0.85,b,0.001953125
14,18,0.85,s,1.0
14,18,0.85,a,1.0
14,18,0.85,b,0.001953125
15,18,0.85,s,1.0
15,18,0.85,a,1.0
15,18,0.85,b,0.001953125
16,18,0.85,s,1.0
16,18,0.85,a,1.0
16,18,0.85,b,0.001953125
17,18,0.85,s,1.0
17,18,0.85,a,1.0
17,18,0.85,b,0.001953125
18,18,0.85,s,1.0
18,18,0.85,a,1.0
18,18,0.85,b,0.001953125
19,18,0.85,s,0.994140625
19,18,0.85,a,0.994140625
19,18,0.85,b,0.001953125
20,18,0.85,s,0.994140625
20,18,0.85,a,1.0
20,18,0.85,b,0.001953125
1,19,0.85,s,1.0
1,19,0.85,a,0.84765625
1,19,0.85,b,0.15234375
2,19,0.85,s,0.84375
2,19,0.85,a,0.99609375
2,19,0.85,b,0.0
3,19,0.85,s,0.99609375
3,19,0.85,a,1.0
3,19,0.85,b,0.0
4,19,0.85,s,1.0
4,19,0.85,a,1.0
4,19,0.85,b,0.0
5,19,0.85,s,1.0
5,19,0.85,a,1.0
5,19,0.85,b,0.0
6,19,0.85,s,0.99609375
6,19,0.85,a,0.99609375
6,19,0.85,b,0.0
7,19,0.85,s,0.998046875
7,19,0.85,a,0.998046875
7,19,0.85,b,0.0
8,19,0.85,s,0.998046875
8,19,0.85,a,1.0
8,19,0.85,b,0.0
9,19,0.85,s,1.0
9,19,0.85,a,1.0
9,19,0.85,b,0.0
10,19,0.85,s,1.0
10,19,0.85,a,1.0
10,19,0.85,b,0.0
11,19,0.85,s,1.0
11,19,0.85,a,1.0
11,19,0.85,b,0.0
12,19,0.85,s,1.0
12,19,0.85,a,1.0
12,19,0.85,b,0.0
13,19,0.85,s,1.0
13,19,0.85,a,1.0
13,19,0.85,b,0.0
14,19,0.85,s,0.998046875
14,19,0.85,a,0.998046875
14,19,0.85,b,0.0
15,19,0.85,s,0.998046875
15,19,0.85,a,1.0
15,19,0.85,b,0.0
16,19,0.85,s,1.0
16,19,0.85,a,1.0
16,19,0.85,b,0.0
17,19,0.85,s,1.0
17,19,0.85,a,1.0
17,19,0.85,b,0.0
18,19,0.85,s,1.0
18,19,0.85,a,1.0
18,19,0.85,b,0.0
19,19,0.85,s,1.0
19,19,0.85,a,1.0
19,19,0.85,b,0.0
20,19,0.85,s,1.0
20,19,0.85,a,1.0
20,19,0.85,b,0.0
1,20,0.85,s,1.0
1,20,0.85,a,0.857421875
1,20,0.85,b,0.142578125
2,20,0.85,s,0.830078125
2,20,0.85,a,0.962890625
2,20,0.85,b,0.0
3,20,0.85,s,0.962890625
3,20,0.85,a,1.0
3,20,0.85,b,0.0
4,20,0.85,s,1.0
4,20,0.85,a,1.0
4,20,0.85,b,0.0
5,20,0.85,s,1.0
5,20,0.85,a,1.0
5,20,0.85,b,0.0
6,20,0.85,s,1.0
6,20,0.85,a,1.0
6,20,0.85,b,0.0
7,20,0.85,s,1.0
7,20,0.85,a,1.0
7,20,0.85,b,0.0
8,20,0.85,s,1.0
8,20,0.85,a,1.0
8,20,0.85,b,0.0
9,20,0.85,s,1.0
9,20,0.85,a,1.0
9,20,0.85,b,0.0
10,20,0.85,s,0.99609375
10,20,0.85,a,0.99609375
10,20,0.85,b,0.0
11,20,0.85,s,0.99609375
11,20,0.85,a,1.0
11,20,0.85,b,0.0
12,20,0.85,s,1.0
12,20,0.85,a,1.0
12,20,0.85,b,0.0
13,20,0.85,s,1.0
13,20,0.85,a,1.0
13,20,0.85,b,0.0
14,20,0.85,s,1.0
14,20,0.85,a,1.0
14,20,0.85,b,0.0
15,20,0.85,s,1.0
15,20,0.85,a,1.0
15,20,0.85,b,0.0
16,20,0.85,s,1.0
16,20,0.85,a,1.0
16,20,0.85,b,0.0
17,20,0.85,s,1.0
17,20,0.85,a,1.0
17,20,0.85,b,0.0
18,20,0.85,s,1.0
18,20,0.85,a,1.0
18,20,0.85,b,0.0
19,20,0.85,s,1.0
19,20,0.85,a,1.0
19,20,0.85,b,0.0
20,20,0.85,s,0.998046875
20,20,0.85,a,0.998046875
20,20,0.85,b,0.0
1,21,0.85,s,1.0
1,21,0.85,a,0.86328125
1,21,0.85,b,0.13671875
2,21,0.85,s,0.833984375
2,21,0.85,a,0.958984375
2,21,0.85,b,0.0
3,21,0.85,s,0.958984375
3,21,0.85,a,1.0
3,21,0.85,b,0.0
4,21,0.85,s,1.0
4,21,0.85,a,1.0
4,21,0.85,b,0.0
5,21,0.85,s,1.0
5,21,0.85,a,1.0
5,21,0.85,b,0.0
6,21,0.85,s,1.0
6,21,0.85,a,1.0
6,21,0.85,b,0.0
7,21,0.85,s,1.0
7,21,0.85,a,1.0
7,21,0.85,b,0.0
8,21,0.85,s,1.0
8,21,0.85,a,1.0
8,21,0.85,b,0.0
9,21,0.85,s,1.0
9,21,0.85,a,1.0
9,21,0.85,b,0.0
10,21,0.85,s,1.0
10,21,0.85,a,1.0
10,21,0.85,b,0.0
11,21,0.85,s,1.0
11,21,0.85,a,1.0
11,21,0.85,b,0.0
12,21,0.85,s,1.0
12,21,0.85,a,1.0
12,21,0.85,b,0.0
13,21,0.85,s,1.0
13,21,0.85,a,1.0
13,21,0.85,b,0.0
14,21,0.85,s,1.0
14,21,0.85,a,1.0
14,21,0.85,b,0.0
15,21,0.85,s,1.0
15,21,0.85,a,1.0
15,21,0.85,b,0.0
16,21,0.85,s,1.0
16,21,0.85,a,1.0
16,21,0.85,b,0.0
17,21,0.85,s,1.0
17,21,0.85,a,1.0
17,21,0.85,b,0.0
18,21,0.85,s,1.0
18,21,0.85,a,1.0
18,21,0.85,b,0.0
19,21,0.85,s,1.0
19,21,0.85,a,1.0
19,21,0.85,b,0.0
20,21,0.85,s,1.0
20,21,0.85,a,1.0
20,21,0.85,b,0.0
1,22,0.85,s,1.0
1,22,0.85,a,0.857421875
1,22,0.85,b,0.142578125
2,22,0.85,s,0.849609375
2,22,0.85,a,0.990234375
2,22,0.85,b,0.0
3,22,0.85,s,0.990234375
3,22,0.85,a,1.0
3,22,0.85,b,0.0
4,22,0.85,s,1.0
4,22,0.85,a,1.0
4,22,0.85,b,0.0
5,22,0.85,s,1.0
5,22,0.85,a,1.0
5,22,0.85,b,0.0
6,22,0.85,s,1.0
6,22,0.85,a,1.0
6,22,0.85,b,0.0
7,22,0.85,s,1.0
7,22,0.85,a,1.0
7,22,0.85,b,0.0
8,22,0.85,s,0.998046875
8,22,0.85,a,0.998046875
8,22,0.85,b,0.0
9,22,0.85,s,0.998046875
9,22,0.85,a,1.0
9,22,0.85,b,0.0
10,22,0.85,s,1.0
10,22,0.85,a,1.0
10,22,0.85,b,0.0
11,22,0.85,s,1.0
11,22,0.85,a,1.0
11,22,0.85,b,0.0
12,22,0.85,s,1.0
12,22,0.85,a,1.0
12,22,0.85,b,0.0
13,22,0.85,s,1.0
13,22,0.85,a,1.0
13,22,0.85,b,0.0
14,22,0.85,s,1.0
14,22,0.85,a,1.0
14,22,0.85,b,0.0
15,22,0.85,s,1.0
15,22,0.85,a,1.0
15,22,0.85,b,0.0
16,22,0.85,s,1.0
16,22,0.85,a,1.0
16,22,0.85,b,0.0
17,22,0.85,s,1.0
17,22,0.85,a,1.0
17,22,0.85,b,0.0
18,22,0.85,s,1.0
18,22,0.85,a,1.0
18,22,0.85,b,0.0
19,22,0.85,s,1.0
19,22,0.85,a,1.0
19,22,0.85,b,0.0
20,22,0.85,s,1.0
20,22,0.85,a,1.0
20,22,0.85,b,0.0
1,23,0.85,s,1.0
1,23,0.85,a,0.859375
1,23,0.85,b,0.140625
2,23,0.85,s,0.8515625
2,23,0.85,a,0.98828125
2,23,0.85,b,0.0
3,23,0.85,s,0.98828125
3,23,0.85,a,1.0
3,23,0.85,b,0.0
4,23,0.85,s,1.0
4,23,0.85,a,1.0
4,23,0.85,b,0.0
5,23,0.85,s,1.0
5,23,0.85,a,1.0
5,23,0.85,b,0.0
6,23,0.85,s,1.0
6,23,0.85,a,1.0
6,23,0.85,b,0.0
7,23,0.85,s,1.0
7,23,0.85,a,1.0
7,23,0.85,b,0.0
8,23,0.85,s,1.0
8,23,0.85,a,1.0
8,23,0.85,b,0.0
9,23,0.85,s,1.0
9,23,0.85,a,1.0
9,23,0.85,b,0.0
10,23,0.85,s,1.0
10,23,0.85,a,1.0
10,23,0.85,b,0.0
11,23,0.85,s,1.0
11,23,0.85,a,1.0
11,23,0.85,b,0.0
12,23,0.85,s,1.0
12,23,0.85,a,1.0
12,23,0.85,b,0.0
13,23,0.85,s,1.0
13,23,0.85,a,1.0
13,23,0.85,b,0.0
14,23,0.85,s,1.0
14,23,0.85,a,1.0
14,23,0.85,b,0.0
15,23,0.85,s,1.0
15,23,0.85,a,1.0
15,23,0.85,b,0.0
16,23,0.85,s,1.0
16,23,0.85,a,1.0
16,23,0.85,b,0.0
17,23,0.85,s,1.0
17,23,0.85,a,1.0
17,23,0.85,b,0.0
18,23,0.85,s,1.0
18,23,0.85,a,1.0
18,23,0.85,b,0.0
19,23,0.85,s,1.0
19,23,0.85,a,1.0
19,23,0.85,b,0.0
20,23,0.85,s,1.0
20,23,0.85,a,1.0
20,23,0.85,b,0.0
1,24,0.85,s,1.0
1,24,0.85,a,0.859375
1,24,0.85,b,0.140625
2,24,0.85,s,0.84765625
2,24,0.85,a,0.982421875
2,24,0.85,b,0.0
3,24,0.85,s,0.982421875
3,24,0.85,a,1.0
3,24,0.85,b,0.0
4,24,0.85,s,1.0
4,24,0.85,a,1.0
4,24,0.85,b,0.0
5,24,0.85,s,0.998046875
5,24,0.85,a,0.998046875
5,24,0.85,b,0.0
6,24,0.85,s,0.998046875
6,24,0.85,a,1.0
6,24,0.85,b,0.0
7,24,0.85,s,1.0
7,24,0.85,a,1.0
7,24,0.85,b,0.0
8,24,0.85,s,1.0
8,24,0.85,a,1.0
8,24,0.85,b,0.0
9,24,0.85,s,1.0
9,24,0.85,a,1.0
9,24,0.85,b,0.0
10,24,0.85,s,1.0
10,24,0.85,a,1.0
10,24,0.85,b,0.0
11,24,0.85,s,1.0
11,24,0.85,a,1.0
11,24,0.85,b,0.0
12,24,0.85,s,1.0
12,24,0.85,a,1.0
12,24,0.85,b,0.0
13,24,0.85,s,1.0
13,24,0.85,a,1.0
13,24,0.85,b,0.0
14,24,0.85,s,0.9921875
14,24,0.85,a,0.9921875
14,24,0.85,b,0.0
15,24,0.85,s,0.9921875
15,24,0.85,a,1.0
15,24,0.85,b,0.0
16,24,0.85,s,1.0
16,24,0.85,a,1.0
16,24,0.85,b,0.0
17,24,0.85,s,1.0
17,24,0.85,a,1.0
17,24,0.85,b,0.0
18,24,0.85,s,1.0
18,24,0.85,a,1.0
18,24,0.85,b,0.0
19,24,0.85,s,1.0
19,24,0.85,a,1.0
19,24,0.85,b,0.0
20,24,0.85,s,1.0
20,24,0.85,a,1.0
20,24,0.85,b,0.0
1,25,0.85,s,1.0
1,25,0.85,a,0.82421875
1,25,0.85,b,0.17578125
2,25,0.85,s,0.79296875
2,25,0.85,a,0.95703125
2,25,0.85,b,0.0
3,25,0.85,s,0.96484375
3,25,0.85,a,0.984375
3,25,0.85,b,0.0
4,25,0.85,s,0.984375
4,25,0.85,a,1.0
4,25,0.85,b,0.0
5,25,0.85,s,1.0
5,25,0.85,a,1.0
5,25,0.85,b,0.0
6,25,0.85,s,1.0
6,25,0.85,a,1.0
6,25,0.85,b,0.0
7,25,0.85,s,1.0
7,25,0.85,a,1.0
7,25,0.85,b,0.0
8,25,0.85,s,1.0
8,25,0.85,a,1.0
8,25,0.85,b,0.0
9,25,0.85,s,1.0
9,25,0.85,a,1.0
9,25,0.85,b,0.0
10,25,0.85,s,1.0
10,25,0.85,a,1.0
10,25,0.85,b,0.0
11,25,0.85,s,1.0
11,25,0.85,a,1.0
11,25,0.85,b,0.0
12,25,0.85,s,0.998046875
12,25,0.85,a,0.998046875
12,25,0.85,b,0.0
13,25,0.85,s,0.998046875
13,25,0.85,a,1.0
13,25,0.85,b,0.0
14,25,0.85,s,1.0
14,25,0.85,a,1.0
14,25,0.85,b,0.0
15,25,0.85,s,1.0
15,25,0.85,a,1.0
15,25,0.85,b,0.0
16,25,0.85,s,1.0
16,25,0.85,a,1.0
16,25,0.85,b,0.0
17,25,0.85,s,1.0
17,25,0.85,a,1.0
17,25,0.85,b,0.0
18,25,0.85,s,1.0
18,25,0.85,a,1.0
18,25,0.85,b,0.0
19,25,0.85,s,1.0
19,25,0.85,a,1.0
19,25,0.85,b,0.0
20,25,0.85,s,1.0
20,25,0.85,a,1.0
20,25,0.85,b,0.0
1,26,0.85,s,1.0
1,26,0.85,a,0.85546875
1,26,0.85,b,0.14453125
2,26,0.85,s,0.8125
2,26,0.85,a,0.943359375
2,26,0.85,b,0.0
3,26,0.85,s,0.943359375
3,26,0.85,a,1.0
3,26,0.85,b,0.0
4,26,0.85,s,1.0
4,26,0.85,a,1.0
4,26,0.85,b,0.0
5,26,0.85,s,1.0
5,26,0.85,a,1.0
5,26,0.85,b,0.0
6,26,0.85,s,0.998046875
6,26,0.85,a,0.998046875
6,26,0.85,b,0.0
7,26,0.85,s,0.99609375
7,26,0.85,a,0.998046875
7,26,0.85,b,0.0
8,26,0.85,s,0.998046875
8,26,0.85,a,1.0
8,26,0.85,b,0.0
9,26,0.85,s,1.0
9,26,0.85,a,1.0
9,26,0.85,b,0.0
10,26,0.85,s,1.0
10,26,0.85,a,1.0
10,26,0.85,b,0.0
11,26,0.85,s,1.0
11,26,0.85,a,1.0
11,26,0.85,b,0.0
12,26,0.85,s,1.0
12,26,0.85,a,1.0
12,26,0.85,b,0.0
13,26,0.85,s,1.0
13,26,0.85,a,1.0
13,26,0.85,b,0.0
14,26,0.85,s,1.0
14,26,0.85,a,1.0
14,26,0.85,b,0.0
15,26,0.85,s,0.99609375
15,26,0.85,a,0.99609375
15,26,0.85,b,0.0
16,26,0.85,s,0.99609375
16,26,0.85,a,1.0
16,26,0.85,b,0.0
17,26,0.85,s,1.0
17,26,0.85,a,1.0
17,26,0.85,b,0.0
18,26,0.85,s,1.0
18,26,0.85,a,1.0
18,26,0.85,b,0.0
19,26,0.85,s,1.0
19,26,0.85,a,1.0
19,26,0.85,b,0.0
20,26,0.85,s,1.0
20,26,0.85,a,1.0
20,26,0.85,b,0.0
1,27,0.85,s,1.0
1,27,0.85,a,0.83984375
1,27,0.85,b,0.16015625
2,27,0.85,s,0.82421875
2,27,0.85,a,0.96875
2,27,0.85,b,0.0
3,27,0.85,s,0.96875
3,27,0.85,a,1.0
3,27,0.85,b,0.0
4,27,0.85,s,1.0
4,27,0.85,a,1.0
4,27,0.85,b,0.0
5,27,0.85,s,1.0
5,27,0.85,a,1.0
5,27,0.85,b,0.0
6,27,0.85,s,1.0
6,27,0.85,a,1.0
6,27,0.85,b,0.0
7,27,0.85,s,1.0
7,27,0.85,a,1.0
7,27,0.85,b,0.0
8,27,0.85,s,1.0
8,27,0.85,a,1.0
8,27,0.85,b,0.0
9,27,0.85,s,1.0
9,27,0.85,a,1.0
9,27,0.85,b,0.0
10,27,0.85,s,1.0
10,27,0.85,a,1.0
10,27,0.85,b,0.0
11,27,0.85,s,1.0
11,27,0.85,a,1.0
11,27,0.85,b,0.0
12,27,0.85,s,1.0
12,27,0.85,a,1.0
12,27,0.85,b,0.0
13,27,0.85,s,1.0
13,27,0.85,a,1.0
13,27,0.85,b,0.0
14,27,0.85,s,1.0
14,27,0.85,a,1.0
14,27,0.85,b,0.0
15,27,0.85,s,1.0
15,27,0.85,a,1.0
15,27,0.85,b,0.0
16,27,0.85,s,1.0
16,27,0.85,a,1.0
16,27,0.85,b,0.0
17,27,0.85,s,1.0
17,27,0.85,a,1.0
17,27,0.85,b,0.0
18,27,0.85,s,1.0
18,27,0.85,a,1.0
18,27,0.85,b,0.0
19,27,0.85,s,1.0
19,27,0.85,a,1.0
19,27,0.85,b,0.0
20,27,0.85,s,1.0
20,27,0.85,a,1.0
20,27,0.85,b,0.0
1,28,0.85,s,1.0
1,28,0.85,a,0.845703125
1,28,0.85,b,0.154296875
2,28,0.85,s,0.765625
2,28,0.85,a,0.892578125
2,28,0.85,b,0.0
3,28,0.85,s,0.90234375
3,28,0.85,a,0.962890625
3,28,0.85,b,0.0
4,28,0.85,s,0.962890625
4,28,0.85,a,1.0
4,28,0.85,b,0.0
5,28,0.85,s,1.0
5,28,0.85,a,1.0
5,28,0.85,b,0.0
6,28,0.85,s,1.0
6,28,0.85,a,1.0
6,28,0.85,b,0.0
7,28,0.85,s,1.0
7,28,0.85,a,1.0
7,28,0.85,b,0.0
8,28,0.85,s,1.0
8,28,0.85,a,1.0
8,28,0.85,b,0.0
9,28,0.85,s,1.0
9,28,0.85,a,1.0
9,28,0.85,b,0.0
10,28,0.85,s,1.0
10,28,0.85,a,1.0
10,28,0.85,b,0.0
11,28,0.85,s,0.998046875
11,28,0.85,a,0.998046875
11,28,0.85,b,0.0
12,28,0.85,s,0.998046875
12,28,0.85,a,1.0
12,28,0.85,b,0.0
13,28,0.85,s,1.0
13,28,0.85,a,1.0
13,28,0.85,b,0.0
14,28,0.85,s,1.0
14,28,0.85,a,1.0
14,28,0.85,b,0.0
15,28,0.85,s,1.0
15,28,0.85,a,1.0
15,28,0.85,b,0.0
16,28,0.85,s,1.0
16,28,0.85,a,1.0
16,28,0.85,b,0.0
17,28,0.85,s,1.0
17,28,0.85,a,1.0
17,28,0.85,b,0.0
18,28,0.85,s,1.0
18,28,0.85,a,1.0
18,28,0.85,b,0.0
19,28,0.85,s,1.0
19,28,0.85,a,1.0
19,28,0.85,b,0.0
20,28,0.85,s,1.0
20,28,0.85,a,1.0
20,28,0.85,b,0.0
1,29,0.85,s,1.0
1,29,0.85,a,0.873046875
1,29,0.85,b,0.126953125
2,29,0.85,s,0.86328125
2,29,0.85,a,0.984375
2,29,0.85,b,0.0
3,29,0.85,s,0.984375
3,29,0.85,a,1.0
3,29,0.85,b,0.0
4,29,0.85,s,1.0
4,29,0.85,a,1.0
4,29,0.85,b,0.0
5,29,0.85,s,1.0
5,29,0.85,a,1.0
5,29,0.85,b,0.0
6,29,0.85,s,0.998046875
6,29,0.85,a,0.998046875
6,29,0.85,b,0.0
7,29,0.85,s,0.998046875
7,29,0.85,a,1.0
7,29,0.85,b,0.0
8,29,0.85,s,1.0
8,29,0.85,a,1.0
8,29,0.85,b,0.0
9,29,0.85,s,1.0
9,29,0.85,a,1.0
9,29,0.85,b,0.0
10,29,0.85,s,1.0
10,29,0.85,a,1.0
10,29,0.85,b,0.0
11,29,0.85,s,0.998046875
11,29,0.85,a,0.998046875
11,29,0.85,b,0.0
12,29,0.85,s,0.998046875
12,29,0.85,a,1.0
12,29,0.85,b,0.0
13,29,0.85,s,1.0
13,29,0.85,a,1.0
13,29,0.85,b,0.0
14,29,0.85,s,1.0
14,29,0.85,a,1.0
14,29,0.85,b,0.0
15,29,0.85,s,1.0
15,29,0.85,a,1.0
15,29,0.85,b,0.0
16,29,0.85,s,1.0
16,29,0.85,a,1.0
16,29,0.85,b,0.0
17,29,0.85,s,1.0
17,29,0.85,a,1.0
17,29,0.85,b,0.0
18,29,0.85,s,1.0
18,29,0.85,a,1.0
18,29,0.85,b,0.0
19,29,0.85,s,1.0
19,29,0.85,a,1.0
19,29,0.85,b,0.0
20,29,0.85,s,1.0
20,29,0.85,a,1.0
20,29,0.85,b,0.0
1,30,0.85,s,1.0
1,30,0.85,a,0.87109375
1,30,0.85,b,0.12890625
2,30,0.85,s,0.869140625
2,30,0.85,a,0.998046875
2,30,0.85,b,0.0
3,30,0.85,s,0.998046875
3,30,0.85,a,1.0
3,30,0.85,b,0.0
4,30,0.85,s,1.0
4,30,0.85,a,1.0
4,30,0.85,b,0.0
5,30,0.85,s,1.0
5,30,0.85,a,1.0
5,30,0.85,b,0.0
6,30,0.85,s,1.0
6,30,0.85,a,1.0
6,30,0.85,b,0.0
7,30,0.85,s,1.0
7,30,0.85,a,1.0
7,30,0.85,b,0.0
8,30,0.85,s,1.0
8,30,0.85,a,1.0
8,30,0.85,b,0.0
9,30,0.85,s,1.0
9,30,0.85,a,1.0
9,30,0.85,b,0.0
10,30,0.85,s,1.0
10,30,0.85,a,1.0
10,30,0.85,b,0.0
11,30,0.85,s,1.0
11,30,0.85,a,1.0
11,30,0.85,b,0.0
12,30,0.85,s,1.0
12,30,0.85,a,1.0
12,30,0.85,b,0.0
13,30,0.85,s,1.0
13,30,0.85,a,1.0
13,30,0.85,b,0.0
14,30,0.85,s,1.0
14,30,0.85,a,1.0
14,30,0.85,b,0.0
15,30,0.85,s,1.0
15,30,0.85,a,1.0
15,30,0.85,b,0.0
16,30,0.85,s,1.0
16,30,0.85,a,1.0
16,30,0.85,b,0.0
17,30,0.85,s,1.0
17,30,0.85,a,1.0
17,30,0.85,b,0.0
18,30,0.85,s,1.0
18,30,0.85,a,1.0
18,30,0.85,b,0.0
19,30,0.85,s,1.0
19,30,0.85,a,1.0
19,30,0.85,b,0.0
20,30,0.85,s,1.0
20,30,0.85,a,1.0
20,30,0.85,b,0.0
1,31,0.85,s,1.0
1,31,0.85,a,0.845703125
1,31,0.85,b,0.154296875
2,31,0.85,s,0.7734375
2,31,0.85,a,0.908203125
2,31,0.85,b,0.0
3,31,0.85,s,0.908203125
3,31,0.85,a,1.0
3,31,0.85,b,0.0
4,31,0.85,s,1.0
4,31,0.85,a,1.0
4,31,0.85,b,0.0
5,31,0.85,s,1.0
5,31,0.85,a,1.0
5,31,0.85,b,0.0
6,31,0.85,s,0.998046875
6,31,0.85,a,0.998046875
6,31,0.85,b,0.0
7,31,0.85,s,0.998046875
7,31,0.85,a,1.0
7,31,0.85,b,0.0
8,31,0.85,s,1.0
8,31,0.85,a,1.0
8,31,0.85,b,0.0
9,31,0.85,s,1.0
9,31,0.85,a,1.0
9,31,0.85,b,0.0
10,31,0.85,s,1.0
10,31,0.85,a,1.0
10,31,0.85,b,0.0
11,31,0.85,s,1.0
11,31,0.85,a,1.0
11,31,0.85,b,0.0
12,31,0.85,s,1.0
12,31,0.85,a,1.0
12,31,0.85,b,0.0
13,31,0.85,s,1.0
13,31,0.85,a,1.0
13,31,0.85,b,0.0
14,31,0.85,s,1.0
14,31,0.85,a,1.0
14,31,0.85,b,0.0
15,31,0.85,s,1.0
15,31,0.85,a,1.0
15,31,0.85,b,0.0
16,31,0.85,s,1.0
16,31,0.85,a,1.0
16,31,0.85,b,0.0
17,31,0.85,s,1.0
17,31,0.85,a,1.0
17,31,0.85,b,0.0
18,31,0.85,s,1.0
18,31,0.85,a,1.0
18,31,0.85,b,0.0
19,31,0.85,s,1.0
19,31,0.85,a,1.0
19,31,0.85,b,0.0
20,31,0.85,s,1.0
20,31,0.85,a,1.0
20,31,0.85,b,0.0
1,32,0.85,s,1.0
1,32,0.85,a,0.875
1,32,0.85,b,0.125
2,32,0.85,s,0.869140625
2,32,0.85,a,0.994140625
2,32,0.85,b,0.0
3,32,0.85,s,0.994140625
3,32,0.85,a,1.0
3,32,0.85,b,0.0
4,32,0.85,s,1.0
4,32,0.85,a,1.0
4,32,0.85,b,0.0
5,32,0.85,s,1.0
5,32,0.85,a,1.0
5,32,0.85,b,0.0
6,32,0.85,s,1.0
6,32,0.85,a,1.0
6,32,0.85,b,0.0
7,32,0.85,s,1.0
7,32,0.85,a,1.0
7,32,0.85,b,0.0
8,32,0.85,s,1.0
8,32,0.85,a,1.0
8,32,0.85,b,0.0
9,32,0.85,s,1.0
9,32,0.85,a,1.0
9,32,0.85,b,0.0
10,32,0.85,s,1.0
10,32,0.85,a,1.0
10,32,0.85,b,0.0
11,32,0.85,s,1.0
11,32,0.85,a,1.0
11,32,0.85,b,0.0
12,32,0.85,s,1.0
12,32,0.85,a,1.0
12,32,0.85,b,0.0
13,32,0.85,s,1.0
13,32,0.85,a,1.0
13,32,0.85,b,0.0
14,32,0.85,s,1.0
14,32,0.85,a,1.0
14,32,0.85,b,0.0
15,32,0.85,s,0.99609375
15,32,0.85,a,0.99609375
15,32,0.85,b,0.0
16,32,0.85,s,0.99609375
16,32,0.85,a,1.0
16,32,0.85,b,0.0
17,32,0.85,s,1.0
17,32,0.85,a,1.0
17,32,0.85,b,0.0
18,32,0.85,s,1.0
18,32,0.85,a,1.0
18,32,0.85,b,0.0
19,32,0.85,s,1.0
19,32,0.85,a,1.0
19,32,0.85,b,0.0
20,32,0.85,s,1.0
20,32,0.85,a,1.0
20,32,0.85,b,0.0
1,33,0.85,s,1.0
1,33,0.85,a,0.833984375
1,33,0.85,b,0.166015625
2,33,0.85,s,0.78125
2,33,0.85,a,0.916015625
2,33,0.85,b,0.0
3,33,0.85,s,0.921875
3,33,0.85,a,0.9765625
3,33,0.85,b,0.0
4,33,0.85,s,0.96875
4,33,0.85,a,0.9609375
4,33,0.85,b,0.0
5,33,0.85,s,0.9609375
5,33,0.85,a,1.0
5,33,0.85,b,0.0
6,33,0.85,s,1.0
6,33,0.85,a,1.0
6,33,0.85,b,0.0
7,33,0.85,s,1.0
7,33,0.85,a,1.0
7,33,0.85,b,0.0
8,33,0.85,s,1.0
8,33,0.85,a,1.0
8,33,0.85,b,0.0
9,33,0.85,s,1.0
9,33,0.85,a,1.0
9,33,0.85,b,0.0
10,33,0.85,s,0.99609375
10,33,0.85,a,0.99609375
10,33,0.85,b,0.0
11,33,0.85,s,0.99609375
11,33,0.85,a,1.0
11,33,0.85,b,0.0
12,33,0.85,s,1.0
12,33,0.85,a,1.0
12,33,0.85,b,0.0
13,33,0.85,s,1.0
13,33,0.85,a,1.0
13,33,0.85,b,0.0
14,33,0.85,s,1.0
14,33,0.85,a,1.0
14,33,0.85,b,0.0
15,33,0.85,s,1.0
15,33,0.85,a,1.0
15,33,0.85,b,0.0
16,33,0.85,s,1.0
16,33,0.85,a,1.0
16,33,0.85,b,0.0
17,33,0.85,s,1.0
17,33,0.85,a,1.0
17,33,0.85,b,0.0
18,33,0.85,s,1.0
18,33,0.85,a,1.0
18,33,0.85,b,0.0
19,33,0.85,s,1.0
19,33,0.85,a,1.0
19,33,0.85,b,0.0
20,33,0.85,s,1.0
20,33,0.85,a,1.0
20,33,0.85,b,0.0
1,34,0.85,s,1.0
1,34,0.85,a,0.8515625
1,34,0.85,b,0.1484375
2,34,0.85,s,0.849609375
2,34,0.85,a,0.994140625
2,34,0.85,b,0.0
3,34,0.85,s,0.994140625
3,34,0.85,a,1.0
3,34,0.85,b,0.0
4,34,0.85,s,0.998046875
4,34,0.85,a,0.998046875
4,34,0.85,b,0.0
5,34,0.85,s,0.998046875
5,34,0.85,a,1.0
5,34,0.85,b,0.0
6,34,0.85,s,1.0
6,34,0.85,a,1.0
6,34,0.85,b,0.0
7,34,0.85,s,0.998046875
7,34,0.85,a,0.998046875
7,34,0.85,b,0.0
8,34,0.85,s,0.998046875
8,34,0.85,a,1.0
8,34,0.85,b,0.0
9,34,0.85,s,1.0
9,34,0.85,a,1.0
9,34,0.85,b,0.0
10,34,0.85,s,1.0
10,34,0.85,a,1.0
10,34,0.85,b,0.0
11,34,0.85,s,1.0
11,34,0.85,a,1.0
11,34,0.85,b,0.0
12,34,0.85,s,0.99609375
12,34,0.85,a,0.99609375
12,34,0.85,b,0.0
13,34,0.85,s,0.99609375
13,34,0.85,a,1.0
13,34,0.85,b,0.0
14,34,0.85,s,1.0
14,34,0.85,a,1.0
14,34,0.85,b,0.0
15,34,0.85,s,1.0
15,34,0.85,a,1.0
15,34,0.85,b,0.0
16,34,0.85,s,1.0
16,34,0.85,a,1.0
16,34,0.85,b,0.0
17,34,0.85,s,1.0
17,34,0.85,a,1.0
17,34,0.85,b,0.0
18,34,0.85,s,1.0
18,34,0.85,a,1.0
18,34,0.85,b,0.0
19,34,0.85,s,0.998046875
19,34,0.85,a,0.998046875
19,34,0.85,b,0.0
20,34,0.85,s,0.998046875
20,34,0.85,a,1.0
20,34,0.85,b,0.0
1,35,0.85,s,1.0
1,35,0.85,a,0.841796875
1,35,0.85,b,0.158203125
2,35,0.85,s,0.794921875
2,35,0.85,a,0.935546875
2,35,0.85,b,0.0
3,35,0.85,s,0.935546875
3,35,0.85,a,0.9609375
3,35,0.85,b,0.0
4,35,0.85,s,0.9609375
4,35,0.85,a,0.98828125
4,35,0.85,b,0.0
5,35,0.85,s,0.98828125
5,35,0.85,a,1.0
5,35,0.85,b,0.0
6,35,0.85,s,1.0
6,35,0.85,a,1.0
6,35,0.85,b,0.0
7,35,0.85,s,1.0
7,35,0.85,a,1.0
7,35,0.85,b,0.0
8,35,0.85,s,1.0
8,35,0.85,a,1.0
8,35,0.85,b,0.0
9,35,0.85,s,1.0
9,35,0.85,a,1.0
9,35,0.85,b,0.0
10,35,0.85,s,0.998046875
10,35,0.85,a,0.998046875
10,35,0.85,b,0.0
11,35,0.85,s,0.998046875
11,35,0.85,a,0.99609375
11,35,0.85,b,0.0
12,35,0.85,s,0.99609375
12,35,0.85,a,1.0
12,35,0.85,b,0.0
13,35,0.85,s,1.0
13,35,0.85,a,1.0
13,35,0.85,b,0.0
14,35,0.85,s,1.0
14,35,0.85,a,1.0
14,35,0.85,b,0.0
15,35,0.85,s,1.0
15,35,0.85,a,1.0
15,35,0.85,b,0.0
16,35,0.85,s,1.0
16,35,0.85,a,1.0
16,35,0.85,b,0.0
17,35,0.85,s,1.0
17,35,0.85,a,1.0
17,35,0.85,b,0.0
18,35,0.85,s,1.0
18,35,0.85,a,1.0
18,35,0.85,b,0.0
19,35,0.85,s,1.0
19,35,0.85,a,1.0
19,35,0.85,b,0.0
20,35,0.85,s,1.0
20,35,0.85,a,1.0
20,35,0.85,b,0.0
1,36,0.85,s,1.0
1,36,0.85,a,0.853515625
1,36,0.85,b,0.146484375
2,36,0.85,s,0.8359375
2,36,0.85,a,0.9765625
2,36,0.85,b,0.0
3,36,0.85,s,0.9765625
3,36,0.85,a,1.0
3,36,0.85,b,0.0
4,36,0.85,s,1.0
4,36,0.85,a,1.0
4,36,0.85,b,0.0
5,36,0.85,s,1.0
5,36,0.85,a,1.0
5,36,0.85,b,0.0
6,36,0.85,s,1.0
6,36,0.85,a,1.0
6,36,0.85,b,0.0
7,36,0.85,s,1.0
7,36,0.85,a,1.0
7,36,0.85,b,0.0
8,36,0.85,s,1.0
8,36,0.85,a,1.0
8,36,0.85,b,0.0
9,36,0.85,s,1.0
9,36,0.85,a,1.0
9,36,0.85,b,0.0
10,36,0.85,s,1.0
10,36,0.85,a,1.0
10,36,0.85,b,0.0
11,36,0.85,s,1.0
11,36,0.85,a,1.0
11,36,0.85,b,0.0
12,36,0.85,s,1.0
12,36,0.85,a,1.0
12,36,0.85,b,0.0
13,36,0.85,s,1.0
13,36,0.85,a,1.0
13,36,0.85,b,0.0
14,36,0.85,s,1.0
14,36,0.85,a,1.0
14,36,0.85,b,0.0
15,36,0.85,s,1.0
15,36,0.85,a,1.0
15,36,0.85,b,0.0
16,36,0.85,s,1.0
16,36,0.85,a,1.0
16,36,0.85,b,0.0
17,36,0.85,s,1.0
17,36,0.85,a,1.0
17,36,0.85,b,0.0
18,36,0.85,s,1.0
18,36,0.85,a,1.0
18,36,0.85,b,0.0
19,36,0.85,s,1.0
19,36,0.85,a,1.0
19,36,0.85,b,0.0
20,36,0.85,s,1.0
20,36,0.85,a,1.0
20,36,0.85,b,0.0
1,37,0.85,s,1.0
1,37,0.85,a,0.853515625
1,37,0.85,b,0.146484375
2,37,0.85,s,0.84765625
2,37,0.85,a,0.9921875
2,37,0.85,b,0.0
3,37,0.85,s,0.9921875
3,37,0.85,a,1.0
3,37,0.85,b,0.0
4,37,0.85,s,1.0
4,37,0.85,a,1.0
4,37,0.85,b,0.0
5,37,0.85,s,1.0
5,37,0.85,a,1.0
5,37,0.85,b,0.0
6,37,0.85,s,1.0
6,37,0.85,a,1.0
6,37,0.85,b,0.0
7,37,0.85,s,1.0
7,37,0.85,a,1.0
7,37,0.85,b,0.0
8,37,0.85,s,1.0
8,37,0.85,a,1.0
8,37,0.85,b,0.0
9,37,0.85,s,1.0
9,37,0.85,a,1.0
9,37,0.85,b,0.0
10,37,0.85,s,1.0
10,37,0.85,a,1.0
10,37,0.85,b,0.0
11,37,0.85,s,1.0
11,37,0.85,a,1.0
11,37,0.85,b,0.0
12,37,0.85,s,1.0
12,37,0.85,a,1.0
12,37,0.85,b,0.0
13,37,0.85,s,1.0
13,37,0.85,a,1.0
13,37,0.85,b,0.0
14,37,0.85,s,1.0
14,37,0.85,a,1.0
14,37,0.85,b,0.0
15,37,0.85,s,1.0
15,37,0.85,a,1.0
15,37,0.85,b,0.0
16,37,0.85,s,1.0
16,37,0.85,a,1.0
16,37,0.85,b,0.0
17,37,0.85,s,1.0
17,37,0.85,a,1.0
17,37,0.85,b,0.0
18,37,0.85,s,1.0
18,37,0.85,a,1.0
18,37,0.85,b,0.0
19,37,0.85,s,1.0
19,37,0.85,a,1.0
19,37,0.85,b,0.0
20,37,0.85,s,1.0
20,37,0.85,a,1.0
20,37,0.85,b,0.0
1,38,0.85,s,1.0
1,38,0.85,a,0.828125
1,38,0.85,b,0.171875
2,38,0.85,s,0.77734375
2,38,0.85,a,0.93359375
2,38,0.85,b,0.0
3,38,0.85,s,0.94140625
3,38,0.85,a,0.986328125
3,38,0.85,b,0.0
4,38,0.85,s,0.982421875
4,38,0.85,a,0.99609375
4,38,0.85,b,0.0
5,38,0.85,s,0.9921875
5,38,0.85,a,0.99609375
5,38,0.85,b,0.0
6,38,0.85,s,0.99609375
6,38,0.85,a,1.0
6,38,0.85,b,0.0
7,38,0.85,s,1.0
7,38,0.85,a,1.0
7,38,0.85,b,0.0
8,38,0.85,s,1.0
8,38,0.85,a,1.0
8,38,0.85,b,0.0
9,38,0.85,s,1.0
9,38,0.85,a,1.0
9,38,0.85,b,0.0
10,38,0.85,s,1.0
10,38,0.85,a,1.0
10,38,0.85,b,0.0
11,38,0.85,s,1.0
11,38,0.85,a,1.0
11,38,0.85,b,0.0
12,38,0.85,s,1.0
12,38,0.85,a,1.0
12,38,0.85,b,0.0
13,38,0.85,s,1.0
13,38,0.85,a,1.0
13,38,0.85,b,0.0
14,38,0.85,s,1.0
14,38,0.85,a,1.0
14,38,0.85,b,0.0
15,38,0.85,s,1.0
15,38,0.85,a,1.0
15,38,0.85,b,0.0
16,38,0.85,s,1.0
16,38,0.85,a,1.0
16,38,0.85,b,0.0
17,38,0.85,s,1.0
17,38,0.85,a,1.0
17,38,0.85,b,0.0
18,38,0.85,s,1.0
18,38,0.85,a,1.0
18,38,0.85,b,0.0
19,38,0.85,s,1.0
19,38,0.85,a,1.0
19,38,0.85,b,0.0
20,38,0.85,s,1.0
20,38,0.85,a,1.0
20,38,0.85,b,0.0
1,39,0.85,s,1.0
1,39,0.85,a,0.857421875
1,39,0.85,b,0.142578125
2,39,0.85,s,0.83984375
2,39,0.85,a,0.974609375
2,39,0.85,b,0.0
3,39,0.85,s,0.974609375
3,39,0.85,a,1.0
3,39,0.85,b,0.0
4,39,0.85,s,1.0
4,39,0.85,a,1.0
4,39,0.85,b,0.0
5,39,0.85,s,1.0
5,39,0.85,a,1.0
5,39,0.85,b,0.0
6,39,0.85,s,1.0
6,39,0.85,a,1.0
6,39,0.85,b,0.0
7,39,0.85,s,1.0
7,39,0.85,a,1.0
7,39,0.85,b,0.0
8,39,0.85,s,0.998046875
8,39,0.85,a,0.998046875
8,39,0.85,b,0.0
9,39,0.85,s,0.998046875
9,39,0.85,a,1.0
9,39,0.85,b,0.0
10,39,0.85,s,1.0
10,39,0.85,a,1.0
10,39,0.85,b,0.0
11,39,0.85,s,1.0
11,39,0.85,a,1.0
11,39,0.85,b,0.0
12,39,0.85,s,1.0
12,39,0.85,a,1.0
12,39,0.85,b,0.0
13,39,0.85,s,1.0
13,39,0.85,a,1.0
13,39,0.85,b,0.0
14,39,0.85,s,1.0
14,39,0.85,a,1.0
14,39,0.85,b,0.0
15,39,0.85,s,1.0
15,39,0.85,a,1.0
15,39,0.85,b,0.0
16,39,0.85,s,1.0
16,39,0.85,a,1.0
16,39,0.85,b,0.0
17,39,0.85,s,1.0
17,39,0.85,a,1.0
17,39,0.85,b,0.0
18,39,0.85,s,1.0
18,39,0.85,a,1.0
18,39,0.85,b,0.0
19,39,0.85,s,1.0
19,39,0.85,a,1.0
19,39,0.85,b,0.0
20,39,0.85,s,1.0
20,39,0.85,a,1.0
20,39,0.85,b,0.0
1,40,0.85,s,1.0
1,40,0.85,a,0.8671875
1,40,0.85,b,0.1328125
2,40,0.85,s,0.8671875
2,40,0.85,a,1.0
2,40,0.85,b,0.0
3,40,0.85,s,0.994140625
3,40,0.85,a,0.994140625
3,40,0.85,b,0.0
4,40,0.85,s,0.994140625
4,40,0.85,a,1.0
4,40,0.85,b,0.0
5,40,0.85,s,1.0
5,40,0.85,a,1.0
5,40,0.85,b,0.0
6,40,0.85,s,1.0
6,40,0.85,a,1.0
6,40,0.85,b,0.0
7,40,0.85,s,1.0
7,40,0.85,a,1.0
7,40,0.85,b,0.0
8,40,0.85,s,0.998046875
8,40,0.85,a,0.998046875
8,40,0.85,b,0.0
9,40,0.85,s,0.998046875
9,40,0.85,a,1.0
9,40,0.85,b,0.0
10,40,0.85,s,1.0
10,40,0.85,a,1.0
10,40,0.85,b,0.0
11,40,0.85,s,1.0
11,40,0.85,a,1.0
11,40,0.85,b,0.0
12,40,0.85,s,0.99609375
12,40,0.85,a,0.99609375
12,40,0.85,b,0.0
13,40,0.85,s,0.99609375
13,40,0.85,a,1.0
13,40,0.85,b,0.0
14,40,0.85,s,1.0
14,40,0.85,a,1.0
14,40,0.85,b,0.0
15,40,0.85,s,1.0
15,40,0.85,a,1.0
15,40,0.85,b,0.0
16,40,0.85,s,1.0
16,40,0.85,a,1.0
16,40,0.85,b,0.0
17,40,0.85,s,1.0
17,40,0.85,a,1.0
17,40,0.85,b,0.0
18,40,0.85,s,1.0
18,40,0.85,a,1.0
18,40,0.85,b,0.0
19,40,0.85,s,1.0
19,40,0.85,a,1.0
19,40,0.85,b,0.0
20,40,0.85,s,1.0
20,40,0.85,a,1.0
20,40,0.85,b,0.0
1,41,0.85,s,1.0
1,41,0.85,a,0.85546875
1,41,0.85,b,0.14453125
2,41,0.85,s,0.84765625
2,41,0.85,a,0.98828125
2,41,0.85,b,0.0
3,41,0.85,s,0.986328125
3,41,0.85,a,0.9921875
3,41,0.85,b,0.0
4,41,0.85,s,0.9921875
4,41,0.85,a,1.0
4,41,0.85,b,0.0
5,41,0.85,s,1.0
5,41,0.85,a,1.0
5,41,0.85,b,0.0
6,41,0.85,s,1.0
6,41,0.85,a,1.0
6,41,0.85,b,0.0
7,41,0.85,s,1.0
7,41,0.85,a,1.0
7,41,0.85,b,0.0
8,41,0.85,s,1.0
8,41,0.85,a,1.0
8,41,0.85,b,0.0
9,41,0.85,s,1.0
9,41,0.85,a,1.0
9,41,0.85,b,0.0
10,41,0.85,s,1.0
10,41,0.85,a,1.0
10,41,0.85,b,0.0
11,41,0.85,s,1.0
11,41,0.85,a,1.0
11,41,0.85,b,0.0
12,41,0.85,s,1.0
12,41,0.85,a,1.0
12,41,0.85,b,0.0
13,41,0.85,s,1.0
13,41,0.85,a,1.0
13,41,0.85,b,0.0
14,41,0.85,s,1.0
14,41,0.85,a,1.0
14,41,0.85,b,0.0
15,41,0.85,s,0.98828125
15,41,0.85,a,0.98828125
15,41,0.85,b,0.0
16,41,0.85,s,0.98828125
16,41,0.85,a,1.0
16,41,0.85,b,0.0
17,41,0.85,s,1.0
17,41,0.85,a,1.0
17,41,0.85,b,0.0
18,41,0.85,s,1.0
18,41,0.85,a,1.0
18,41,0.85,b,0.0
19,41,0.85,s,1.0
19,41,0.85,a,1.0
19,41,0.85,b,0.0
20,41,0.85,s,1.0
20,41,0.85,a,1.0
20,41,0.85,b,0.0
1,42,0.85,s,1.0
1,42,0.85,a,0.8515625
1,42,0.85,b,0.1484375
2,42,0.85,s,0.822265625
2,42,0.85,a,0.966796875
2,42,0.85,b,0.0
3,42,0.85,s,0.966796875
3,42,0.85,a,1.0
3,42,0.85,b,0.0
4,42,0.85,s,1.0
4,42,0.85,a,1.0
4,42,0.85,b,0.0
5,42,0.85,s,1.0
5,42,0.85,a,1.0
5,42,0.85,b,0.0
6,42,0.85,s,1.0
6,42,0.85,a,1.0
6,42,0.85,b,0.0
7,42,0.85,s,1.0
7,42,0.85,a,1.0
7,42,0.85,b,0.0
8,42,0.85,s,1.0
8,42,0.85,a,1.0
8,42,0.85,b,0.0
9,42,0.85,s,1.0
9,42,0.85,a,1.0
9,42,0.85,b,0.0
10,42,0.85,s,1.0
10,42,0.85,a,1.0
10,42,0.85,b,0.0
11,42,0.85,s,1.0
11,42,0.85,a,1.0
11,42,0.85,b,0.0
12,42,0.85,s,1.0
12,42,0.85,a,1.0
12,42,0.85,b,0.0
13,42,0.85,s,1.0
13,42,0.85,a,1.0
13,42,0.85,b,0.0
14,42,0.85,s,1.0
14,42,0.85,a,1.0
14,42,0.85,b,0.0
15,42,0.85,s,1.0
15,42,0.85,a,1.0
15,42,0.85,b,0.0
16,42,0.85,s,1.0
16,42,0.85,a,1.0
16,42,0.85,b,0.0
17,42,0.85,s,1.0
17,42,0.85,a,1.0
17,42,0.85,b,0.0
18,42,0.85,s,1.0
18,42,0.85,a,1.0
18,42,0.85,b,0.0
19,42,0.85,s,1.0
19,42,0.85,a,1.0
19,42,0.85,b,0.0
20,42,0.85,s,1.0
20,42,0.85,a,1.0
20,42,0.85,b,0.0
1,43,0.85,s,1.0
1,43,0.85,a,0.822265625
1,43,0.85,b,0.177734375
2,43,0.85,s,0.75390625
2,43,0.85,a,0.89453125
2,43,0.85,b,0.0
3,43,0.85,s,0.908203125
3,43,0.85,a,0.939453125
3,43,0.85,b,0.0
4,43,0.85,s,0.94921875
4,43,0.85,a,0.970703125
4,43,0.85,b,0.0
5,43,0.85,s,0.970703125
5,43,0.85,a,0.98828125
5,43,0.85,b,0.0
6,43,0.85,s,0.98828125
6,43,0.85,a,1.0
6,43,0.85,b,0.0
7,43,0.85,s,0.99609375
7,43,0.85,a,0.99609375
7,43,0.85,b,0.0
8,43,0.85,s,0.99609375
8,43,0.85,a,1.0
8,43,0.85,b,0.0
9,43,0.85,s,1.0
9,43,0.85,a,1.0
9,43,0.85,b,0.0
10,43,0.85,s,1.0
10,43,0.85,a,1.0
10,43,0.85,b,0.0
11,43,0.85,s,1.0
11,43,0.85,a,1.0
11,43,0.85,b,0.0
12,43,0.85,s,1.0
12,43,0.85,a,1.0
12,43,0.85,b,0.0
13,43,0.85,s,1.0
13,43,0.85,a,1.0
13,43,0.85,b,0.0
14,43,0.85,s,1.0
14,43,0.85,a,1.0
14,43,0.85,b,0.0
15,43,0.85,s,1.0
15,43,0.85,a,1.0
15,43,0.85,b,0.0
16,43,0.85,s,1.0
16,43,0.85,a,1.0
16,43,0.85,b,0.0
17,43,0.85,s,1.0
17,43,0.85,a,1.0
17,43,0.85,b,0.0
18,43,0.85,s,1.0
18,43,0.85,a,1.0
18,43,0.85,b,0.0
19,43,0.85,s,1.0
19,43,0.85,a,1.0
19,43,0.85,b,0.0
20,43,0.85,s,1.0
20,43,0.85,a,1.0
20,43,0.85,b,0.0
1,44,0.85,s,1.0
1,44,0.85,a,0.845703125
1,44,0.85,b,0.154296875
2,44,0.85,s,0.828125
2,44,0.85,a,0.982421875
2,44,0.85,b,0.0
3,44,0.85,s,0.982421875
3,44,0.85,a,1.0
3,44,0.85,b,0.0
4,44,0.85,s,1.0
4,44,0.85,a,1.0
4,44,0.85,b,0.0
5,44,0.85,s,1.0
5,44,0.85,a,1.0
5,44,0.85,b,0.0
6,44,0.85,s,0.998046875
6,44,0.85,a,0.998046875
6,44,0.85,b,0.0
7,44,0.85,s,0.998046875
7,44,0.85,a,1.0
7,44,0.85,b,0.0
8,44,0.85,s,1.0
8,44,0.85,a,1.0
8,44,0.85,b,0.0
9,44,0.85,s,1.0
9,44,0.85,a,1.0
9,44,0.85,b,0.0
10,44,0.85,s,1.0
10,44,0.85,a,1.0
10,44,0.85,b,0.0
11,44,0.85,s,1.0
11,44,0.85,a,1.0
11,44,0.85,b,0.0
12,44,0.85,s,1.0
12,44,0.85,a,1.0
12,44,0.85,b,0.0
13,44,0.85,s,1.0
13,44,0.85,a,1.0
13,44,0.85,b,0.0
14,44,0.85,s,0.998046875
14,44,0.85,a,0.998046875
14,44,0.85,b,0.0
15,44,0.85,s,0.998046875
15,44,0.85,a,1.0
15,44,0.85,b,0.0
16,44,0.85,s,1.0
16,44,0.85,a,1.0
16,44,0.85,b,0.0
17,44,0.85,s,1.0
17,44,0.85,a,1.0
17,44,0.85,b,0.0
18,44,0.85,s,1.0
18,44,0.85,a,1.0
18,44,0.85,b,0.0
19,44,0.85,s,0.998046875
19,44,0.85,a,0.998046875
19,44,0.85,b,0.0
20,44,0.85,s,0.998046875
20,44,0.85,a,1.0
20,44,0.85,b,0.0
1,45,0.85,s,1.0
1,45,0.85,a,0.833984375
1,45,0.85,b,0.166015625
2,45,0.85,s,0.814453125
2,45,0.85,a,0.966796875
2,45,0.85,b,0.0
3,45,0.85,s,0.966796875
3,45,0.85,a,1.0
3,45,0.85,b,0.0
4,45,0.85,s,1.0
4,45,0.85,a,1.0
4,45,0.85,b,0.0
5,45,0.85,s,1.0
5,45,0.85,a,1.0
5,45,0.85,b,0.0
6,45,0.85,s,0.99609375
6,45,0.85,a,0.99609375
6,45,0.85,b,0.0
7,45,0.85,s,0.99609375
7,45,0.85,a,1.0
7,45,0.85,b,0.0
8,45,0.85,s,1.0
8,45,0.85,a,1.0
8,45,0.85,b,0.0
9,45,0.85,s,1.0
9,45,0.85,a,1.0
9,45,0.85,b,0.0
10,45,0.85,s,1.0
10,45,0.85,a,1.0
10,45,0.85,b,0.0
11,45,0.85,s,1.0
11,45,0.85,a,1.0
11,45,0.85,b,0.0
12,45,0.85,s,1.0
12,45,0.85,a,1.0
12,45,0.85,b,0.0
13,45,0.85,s,1.0
13,45,0.85,a,1.0
13,45,0.85,b,0.0
14,45,0.85,s,1.0
14,45,0.85,a,1.0
14,45,0.85,b,0.0
15,45,0.85,s,1.0
15,45,0.85,a,1.0
15,45,0.85,b,0.0
16,45,0.85,s,1.0
16,45,0.85,a,1.0
16,45,0.85,b,0.0
17,45,0.85,s,1.0
17,45,0.85,a,1.0
17,45,0.85,b,0.0
18,45,0.85,s,1.0
18,45,0.85,a,1.0
18,45,0.85,b,0.0
19,45,0.85,s,1.0
19,45,0.85,a,1.0
19,45,0.85,b,0.0
20,45,0.85,s,1.0
20,45,0.85,a,1.0
20,45,0.85,b,0.0
1,46,0.85,s,1.0
1,46,0.85,a,0.841796875
1,46,0.85,b,0.162109375
2,46,0.85,s,0.83203125
2,46,0.85,a,0.986328125
2,46,0.85,b,0.00390625
3,46,0.85,s,0.986328125
3,46,0.85,a,1.0
3,46,0.85,b,0.00390625
4,46,0.85,s,1.0
4,46,0.85,a,1.0
4,46,0.85,b,0.00390625
5,46,0.85,s,1.0
5,46,0.85,a,1.0
5,46,0.85,b,0.00390625
6,46,0.85,s,1.0
6,46,0.85,a,1.0
6,46,0.85,b,0.00390625
7,46,0.85,s,1.0
7,46,0.85,a,1.0
7,46,0.85,b,0.00390625
8,46,0.85,s,1.0
8,46,0.85,a,1.0
8,46,0.85,b,0.00390625
9,46,0.85,s,1.0
9,46,0.85,a,1.0
9,46,0.85,b,0.00390625
10,46,0.85,s,1.0
10,46,0.85,a,1.0
10,46,0.85,b,0.00390625
11,46,0.85,s,1.0
11,46,0.85,a,1.0
11,46,0.85,b,0.00390625
12,46,0.85,s,1.0
12,46,0.85,a,1.0
12,46,0.85,b,0.00390625
13,46,0.85,s,1.0
13,46,0.85,a,1.0
13,46,0.85,b,0.00390625
14,46,0.85,s,1.0
14,46,0.85,a,1.0
14,46,0.85,b,0.00390625
15,46,0.85,s,0.998046875
15,46,0.85,a,0.998046875
15,46,0.85,b,0.00390625
16,46,0.85,s,0.99609375
16,46,0.85,a,0.998046875
16,46,0.85,b,0.00390625
17,46,0.85,s,0.998046875
17,46,0.85,a,1.0
17,46,0.85,b,0.00390625
18,46,0.85,s,1.0
18,46,0.85,a,1.0
18,46,0.85,b,0.00390625
19,46,0.85,s,1.0
19,46,0.85,a,1.0
19,46,0.85,b,0.00390625
20,46,0.85,s,1.0
20,46,0.85,a,1.0
20,46,0.85,b,0.00390625
1,47,0.85,s,1.0
1,47,0.85,a,0.8671875
1,47,0.85,b,0.1328125
2,47,0.85,s,0.82421875
2,47,0.85,a,0.9375
2,47,0.85,b,0.0
3,47,0.85,s,0.9375
3,47,0.85,a,0.9921875
3,47,0.85,b,0.0
4,47,0.85,s,0.9921875
4,47,0.85,a,1.0
4,47,0.85,b,0.0
5,47,0.85,s,1.0
5,47,0.85,a,1.0
5,47,0.85,b,0.0
6,47,0.85,s,1.0
6,47,0.85,a,1.0
6,47,0.85,b,0.0
7,47,0.85,s,1.0
7,47,0.85,a,1.0
7,47,0.85,b,0.0
8,47,0.85,s,1.0
8,47,0.85,a,1.0
8,47,0.85,b,0.0
9,47,0.85,s,1.0
9,47,0.85,a,1.0
9,47,0.85,b,0.0
10,47,0.85,s,1.0
10,47,0.85,a,1.0
10,47,0.85,b,0.0
11,47,0.85,s,1.0
11,47,0.85,a,1.0
11,47,0.85,b,0.0
12,47,0.85,s,1.0
12,47,0.85,a,1.0
12,47,0.85,b,0.0
13,47,0.85,s,1.0
13,47,0.85,a,1.0
13,47,0.85,b,0.0
14,47,0.85,s,1.0
14,47,0.85,a,1.0
14,47,0.85,b,0.0
15,47,0.85,s,1.0
15,47,0.85,a,1.0
15,47,0.85,b,0.0
16,47,0.85,s,1.0
16,47,0.85,a,1.0
16,47,0.85,b,0.0
17,47,0.85,s,1.0
17,47,0.85,a,1.0
17,47,0.85,b,0.0
18,47,0.85,s,1.0
18,47,0.85,a,1.0
18,47,0.85,b,0.0
19,47,0.85,s,1.0
19,47,0.85,a,1.0
19,47,0.85,b,0.0
20,47,0.85,s,1.0
20,47,0.85,a,1.0
20,47,0.85,b,0.0
1,48,0.85,s,1.0
1,48,0.85,a,0.865234375
1,48,0.85,b,0.134765625
2,48,0.85,s,0.865234375
2,48,0.85,a,1.0
2,48,0.85,b,0.0
3,48,0.85,s,1.0
3,48,0.85,a,1.0
3,48,0.85,b,0.0
4,48,0.85,s,1.0
4,48,0.85,a,1.0
4,48,0.85,b,0.0
5,48,0.85,s,1.0
5,48,0.85,a,1.0
5,48,0.85,b,0.0
6,48,0.85,s,0.998046875
6,48,0.85,a,0.998046875
6,48,0.85,b,0.0
7,48,0.85,s,0.998046875
7,48,0.85,a,1.0
7,48,0.85,b,0.0
8,48,0.85,s,1.0
8,48,0.85,a,1.0
8,48,0.85,b,0.0
9,48,0.85,s,1.0
9,48,0.85,a,1.0
9,48,0.85,b,0.0
10,48,0.85,s,1.0
10,48,0.85,a,1.0
10,48,0.85,b,0.0
11,48,0.85,s,1.0
11,48,0.85,a,1.0
11,48,0.85,b,0.0
12,48,0.85,s,1.0
12,48,0.85,a,1.0
12,48,0.85,b,0.0
13,48,0.85,s,1.0
13,48,0.85,a,1.0
13,48,0.85,b,0.0
14,48,0.85,s,1.0
14,48,0.85,a,1.0
14,48,0.85,b,0.0
15,48,0.85,s,1.0
15,48,0.85,a,1.0
15,48,0.85,b,0.0
16,48,0.85,s,1.0
16,48,0.85,a,1.0
16,48,0.85,b,0.0
17,48,0.85,s,1.0
17,48,0.85,a,1.0
17,48,0.85,b,0.0
18,48,0.85,s,1.0
18,48,0.85,a,1.0
18,48,0.85,b,0.0
19,48,0.85,s,1.0
19,48,0.85,a,1.0
19,48,0.85,b,0.0
20,48,0.85,s,0.99609375
20,48,0.85,a,0.99609375
20,48,0.85,b,0.0
1,49,0.85,s,1.0
1,49,0.85,a,0.87109375
1,49,0.85,b,0.12890625
2,49,0.85,s,0.8515625
2,49,0.85,a,0.974609375
2,49,0.85,b,0.0
3,49,0.85,s,0.974609375
3,49,0.85,a,1.0
3,49,0.85,b,0.0
4,49,0.85,s,1.0
4,49,0.85,a,1.0
4,49,0.85,b,0.0
5,49,0.85,s,1.0
5,49,0.85,a,1.0
5,49,0.85,b,0.0
6,49,0.85,s,1.0
6,49,0.85,a,1.0
6,49,0.85,b,0.0
7,49,0.85,s,1.0
7,49,0.85,a,1.0
7,49,0.85,b,0.0
8,49,0.85,s,1.0
8,49,0.85,a,1.0
8,49,0.85,b,0.0
9,49,0.85,s,1.0
9,49,0.85,a,1.0
9,49,0.85,b,0.0
10,49,0.85,s,1.0
10,49,0.85,a,1.0
10,49,0.85,b,0.0
11,49,0.85,s,1.0
11,49,0.85,a,1.0
11,49,0.85,b,0.0
12,49,0.85,s,1.0
12,49,0.85,a,1.0
12,49,0.85,b,0.0
13,49,0.85,s,1.0
13,49,0.85,a,1.0
13,49,0.85,b,0.0
14,49,0.85,s,1.0
14,49,0.85,a,1.0
14,49,0.85,b,0.0
15,49,0.85,s,1.0
15,49,0.85,a,1.0
15,49,0.85,b,0.0
16,49,0.85,s,1.0
16,49,0.85,a,1.0
16,49,0.85,b,0.0
17,49,0.85,s,1.0
17,49,0.85,a,1.0
17,49,0.85,b,0.0
18,49,0.85,s,1.0
18,49,0.85,a,1.0
18,49,0.85,b,0.0
19,49,0.85,s,1.0
19,49,0.85,a,1.0
19,49,0.85,b,0.0
20,49,0.85,s,1.0
20,49,0.85,a,1.0
20,49,0.85,b,0.0
1,50,0.85,s,1.0
1,50,0.85,a,0.8671875
1,50,0.85,b,0.1328125
2,50,0.85,s,0.83984375
2,50,0.85,a,0.9609375
2,50,0.85,b,0.0
3,50,0.85,s,0.96484375
3,50,0.85,a,0.99609375
3,50,0.85,b,0.0
4,50,0.85,s,0.99609375
4,50,0.85,a,1.0
4,50,0.85,b,0.0
5,50,0.85,s,1.0
5,50,0.85,a,1.0
5,50,0.85,b,0.0
6,50,0.85,s,1.0
6,50,0.85,a,1.0
6,50,0.85,b,0.0
7,50,0.85,s,0.998046875
7,50,0.85,a,0.998046875
7,50,0.85,b,0.0
8,50,0.85,s,0.998046875
8,50,0.85,a,1.0
8,50,0.85,b,0.0
9,50,0.85,s,1.0
9,50,0.85,a,1.0
9,50,0.85,b,0.0
10,50,0.85,s,1.0
10,50,0.85,a,1.0
10,50,0.85,b,0.0
11,50,0.85,s,1.0
11,50,0.85,a,1.0
11,50,0.85,b,0.0
12,50,0.85,s,1.0
12,50,0.85,a,1.0
12,50,0.85,b,0.0
13,50,0.85,s,1.0
13,50,0.85,a,1.0
13,50,0.85,b,0.0
14,50,0.85,s,1.0
14,50,0.85,a,1.0
14,50,0.85,b,0.0
15,50,0.85,s,1.0
15,50,0.85,a,1.0
15,50,0.85,b,0.0
16,50,0.85,s,1.0
16,50,0.85,a,1.0
16,50,0.85,b,0.0
17,50,0.85,s,1.0
17,50,0.85,a,1.0
17,50,0.85,b,0.0
18,50,0.85,s,1.0
18,50,0.85,a,1.0
18,50,0.85,b,0.0
19,50,0.85,s,1.0
19,50,0.85,a,1.0
19,50,0.85,b,0.0
20,50,0.85,s,1.0
20,50,0.85,a,1.0
20,50,0.85,b,0.0
