aut,trial,propertyType,property
1,1,e0,0.34478625649220934
1,1,c0,0.19924362444791463
1,1,s0,0.12889239258967286
1,1,e1,0.35677187375149816
1,1,c1,0.15757814811850315
1,1,s1,0.11312573906188411
2,1,e0,0.4007191370355573
2,1,c0,0.058958652915597515
2,1,s0,0.1604256996452503
2,1,e1,0.41270475429484615
2,1,c1,0.37058131414836554
2,1,s1,0.21166732361056367
3,1,e0,0.3767479025169796
3,1,c0,0.10201805301802341
3,1,s0,0.12495072920772567
3,1,e1,0.48062325209748297
3,1,c1,0.27350038720131026
3,1,s1,0.23531730390224678
4,1,e0,0.44067119456652015
4,1,c0,0.26659437077804615
4,1,s0,0.10918407567993693
4,1,e1,0.5205753096284459
4,1,c1,0.39631649813267855
4,1,s1,0.3023255813953489
5,1,e0,0.4326807830603276
5,1,c0,0.2453667168230301
5,1,s0,0.22349231375640521
5,1,e1,0.7922493008389933
5,1,c1,0.7968429830574543
5,1,s1,0.6491919590067008
6,1,e0,0.8921294446664003
6,1,c0,0.8682317469716146
6,1,s0,0.759558533701222
6,1,e1,0.8721534159009189
6,1,c1,0.893295538154528
6,1,s1,0.8817500985415846
7,1,e0,0.5405513383939273
7,1,c0,0.5340694975126028
7,1,s0,0.28655892786756015
7,1,e1,0.9880143827407112
7,1,c1,0.9728314197540282
7,1,s1,0.9763500197083169
8,1,e0,0.5525369556532161
8,1,c0,0.2972795939509287
8,1,s0,0.24714229404808832
8,1,e1,0.676388333999201
8,1,c1,0.7233257751145946
8,1,s1,0.36539219550650376
9,1,e0,0.5205753096284459
9,1,c0,0.2745142835678792
9,1,s0,0.11312573906188411
9,1,e1,0.9960047942469037
9,1,c1,0.9901620280084714
9,1,s1,0.9921166732361056
10,1,e0,0.7642828605673192
10,1,c0,0.7767684502954478
10,1,s0,0.5821836815135987
10,1,e1,0.9880143827407112
10,1,c1,0.9728314197540282
10,1,s1,0.9921166732361056
11,1,e0,0.9800239712345186
11,1,c0,0.9826693917455568
11,1,s0,0.8778084351596374
11,1,e1,0.9800239712345186
11,1,c1,0.9760703394180555
11,1,s1,0.9014584154513204
12,1,e0,1.0
12,1,c0,1.0
12,1,s0,0.9921166732361056
12,1,e1,1.0
12,1,c1,1.0
12,1,s1,1.0
13,1,e0,0.888134238913304
13,1,c0,0.5190894295617757
13,1,s0,0.7122585731178557
13,1,e1,1.0
13,1,c1,1.0
13,1,s1,0.8738667717776902
14,1,e0,1.0
14,1,c0,1.0
14,1,s0,1.0
14,1,e1,1.0
14,1,c1,1.0
14,1,s1,0.9921166732361056
15,1,e0,0.5405513383939273
15,1,c0,0.42714222153734327
15,1,s0,0.3378005518328735
15,1,e1,1.0
15,1,c1,1.0
15,1,s1,1.0
16,1,e0,1.0
16,1,c0,0.5804062500807265
16,1,s0,0.9842333464722113
16,1,e1,0.9680383539752297
16,1,c1,0.9555008114995851
16,1,s1,0.9329917225068979
17,1,e0,1.0
17,1,c0,1.0
17,1,s0,0.9842333464722113
17,1,e1,1.0
17,1,c1,1.0
17,1,s1,1.0
18,1,e0,1.0
18,1,c0,1.0
18,1,s0,0.9921166732361056
18,1,e1,0.9960047942469037
18,1,c1,1.0
18,1,s1,0.9960583366180528
19,1,e0,1.0
19,1,c0,1.0
19,1,s0,1.0
19,1,e1,1.0
19,1,c1,1.0
19,1,s1,1.0
20,1,e0,1.0
20,1,c0,1.0
20,1,s0,0.9960583366180528
20,1,e1,1.0
20,1,c1,1.0
20,1,s1,1.0
21,1,e0,0.9880143827407112
21,1,c0,1.0
21,1,s0,0.9645250295624753
21,1,e1,0.9680383539752297
21,1,c1,0.949658199012386
21,1,s1,0.9684666929444226
22,1,e0,0.7562924490611267
22,1,c0,0.8049578641308185
22,1,s0,0.4087504927079228
22,1,e1,1.0
22,1,c1,1.0
22,1,s1,1.0
23,1,e0,0.9360767079504595
23,1,c0,0.9320895006623761
23,1,s0,0.913283405597162
23,1,e1,1.0
23,1,c1,1.0
23,1,s1,1.0
24,1,e0,1.0
24,1,c0,1.0
24,1,s0,1.0
24,1,e1,1.0
24,1,c1,1.0
24,1,s1,1.0
25,1,e0,1.0
25,1,c0,1.0
25,1,s0,1.0
25,1,e1,1.0
25,1,c1,1.0
25,1,s1,1.0
26,1,e0,1.0
26,1,c0,1.0
26,1,s0,1.0
26,1,e1,1.0
26,1,c1,1.0
26,1,s1,1.0
27,1,e0,0.9960047942469037
27,1,c0,1.0
27,1,s0,0.8975167520693733
27,1,e1,1.0
27,1,c1,1.0
27,1,s1,1.0
28,1,e0,1.0
28,1,c0,1.0
28,1,s0,1.0
28,1,e1,1.0
28,1,c1,1.0
28,1,s1,1.0
29,1,e0,1.0
29,1,c0,1.0
29,1,s0,1.0
29,1,e1,1.0
29,1,c1,1.0
29,1,s1,1.0
30,1,e0,1.0
30,1,c0,1.0
30,1,s0,1.0
30,1,e1,1.0
30,1,c1,1.0
30,1,s1,1.0
31,1,e0,1.0
31,1,c0,1.0
31,1,s0,1.0
31,1,e1,1.0
31,1,c1,1.0
31,1,s1,1.0
1,2,e0,0.36076707950459447
1,2,c0,0.23645095917933642
1,2,s0,0.23531730390224678
1,2,e1,0.39672393128246103
1,2,c1,0.14019303885719117
1,2,s1,0.17619235317303905
2,2,e0,0.3727526967638833
2,2,c0,0.027515709637686108
2,2,s0,0.1407173827355144
2,2,e1,0.3367958449860168
2,2,c1,0.13019225453877054
2,2,s1,0.1840756799369334
3,2,e0,0.3487814622453056
3,2,c0,0.10899094781831481
3,2,s0,0.12100906582577849
3,2,e1,0.424690371554135
3,2,c1,0.27791116720788955
3,2,s1,0.14860070949940876
4,2,e0,0.4286855773072313
4,2,c0,0.3253402611677462
4,2,s0,0.24320063066614114
4,2,e1,0.4606472233320016
4,2,c1,0.20539631947224896
4,2,s1,0.2037839968466693
5,2,e0,0.4286855773072313
5,2,c0,0.13483066946223782
5,2,s0,0.12889239258967286
5,2,e1,0.48062325209748297
5,2,c1,0.41380145368449767
5,2,s1,0.18013401655498623
6,2,e0,0.6004794246903715
6,2,c0,0.5158356808632928
6,2,s0,0.3220338983050848
6,2,e1,1.0
6,2,c1,1.0
6,2,s1,0.9960583366180528
7,2,e0,0.832201358369956
7,2,c0,0.927063170728001
7,2,s0,0.5821836815135987
7,2,e1,0.9760287654814223
7,2,c1,0.9728314197540282
7,2,s1,0.9290500591249508
8,2,e0,0.5884938074310827
8,2,c0,0.7459453707313553
8,2,s0,0.3535672053606622
8,2,e1,0.9840191769876149
8,2,c1,0.970056369505565
8,2,s1,0.956641702798581
9,2,e0,0.6124650419496604
9,2,c0,0.5137626113884681
9,2,s0,0.25502562081198266
9,2,e1,0.9840191769876149
9,2,c1,0.9826693917455568
9,2,s1,0.9842333464722113
10,2,e0,0.9121054734318818
10,2,c0,1.0
10,2,s0,0.9172250689791092
10,2,e1,0.9480623252097483
10,2,c1,0.9292643099282154
10,2,s1,0.9054000788332677
11,2,e0,1.0
11,2,c0,1.0
11,2,s0,0.9093417422152148
11,2,e1,0.9920095884938074
11,2,c1,0.9901620280084714
11,2,s1,0.9684666929444226
12,2,e0,0.8801438274071115
12,2,c0,0.9256674796217199
12,2,s0,0.8659834450137958
12,2,e1,0.9960047942469037
12,2,c1,1.0
12,2,s1,0.9960583366180528
13,2,e0,1.0
13,2,c0,1.0
13,2,s0,1.0
13,2,e1,0.9880143827407112
13,2,c1,0.9728314197540282
13,2,s1,0.9724083563263697
14,2,e0,1.0
14,2,c0,1.0
14,2,s0,1.0
14,2,e1,1.0
14,2,c1,1.0
14,2,s1,1.0
15,2,e0,0.9161006791849781
15,2,c0,0.9292643099282154
15,2,s0,0.8659834450137958
15,2,e1,1.0
15,2,c1,1.0
15,2,s1,1.0
16,2,e0,1.0
16,2,c0,1.0
16,2,s0,0.9448167126527395
16,2,e1,1.0
16,2,c1,1.0
16,2,s1,1.0
17,2,e0,0.9960047942469037
17,2,c0,0.9901620280084714
17,2,s0,0.9960583366180528
17,2,e1,0.9960047942469037
17,2,c1,0.9901620280084714
17,2,s1,0.9960583366180528
18,2,e0,1.0
18,2,c0,1.0
18,2,s0,1.0
18,2,e1,1.0
18,2,c1,1.0
18,2,s1,1.0
19,2,e0,1.0
19,2,c0,1.0
19,2,s0,1.0
19,2,e1,0.9600479424690371
19,2,c1,0.9826693917455568
19,2,s1,0.9605833661805282
20,2,e0,1.0
20,2,c0,1.0
20,2,s0,1.0
20,2,e1,1.0
20,2,c1,1.0
20,2,s1,0.9960583366180528
21,2,e0,1.0
21,2,c0,1.0
21,2,s0,1.0
21,2,e1,1.0
21,2,c1,1.0
21,2,s1,1.0
22,2,e0,0.9920095884938074
22,2,c0,0.6124121766100477
22,2,s0,0.8659834450137958
22,2,e1,1.0
22,2,c1,1.0
22,2,s1,1.0
23,2,e0,1.0
23,2,c0,1.0
23,2,s0,1.0
23,2,e1,0.9920095884938074
23,2,c1,0.9901620280084714
23,2,s1,0.9921166732361056
24,2,e0,1.0
24,2,c0,1.0
24,2,s0,1.0
24,2,e1,1.0
24,2,c1,1.0
24,2,s1,1.0
25,2,e0,1.0
25,2,c0,1.0
25,2,s0,1.0
25,2,e1,1.0
25,2,c1,1.0
25,2,s1,1.0
26,2,e0,1.0
26,2,c0,1.0
26,2,s0,0.9645250295624753
26,2,e1,1.0
26,2,c1,1.0
26,2,s1,1.0
27,2,e0,1.0
27,2,c0,1.0
27,2,s0,0.9684666929444226
27,2,e1,1.0
27,2,c1,1.0
27,2,s1,1.0
28,2,e0,1.0
28,2,c0,1.0
28,2,s0,1.0
28,2,e1,1.0
28,2,c1,1.0
28,2,s1,1.0
29,2,e0,0.9640431482221334
29,2,c0,0.9760703394180555
29,2,s0,0.7516752069373276
29,2,e1,1.0
29,2,c1,1.0
29,2,s1,1.0
30,2,e0,1.0
30,2,c0,1.0
30,2,s0,1.0
30,2,e1,1.0
30,2,c1,1.0
30,2,s1,1.0
31,2,e0,1.0
31,2,c0,1.0
31,2,s0,1.0
31,2,e1,0.9720335597283261
31,2,c1,0.9826693917455568
31,2,s1,0.9093417422152148
1,3,e0,0.39672393128246103
1,3,c0,0.15162516004266588
1,3,s0,0.08553409538825385
1,3,e1,0.36875749101078703
1,3,c1,0.19838060378038627
1,3,s1,0.10918407567993693
2,3,e0,0.3367958449860168
2,3,c0,0.009624433621120653
2,3,s0,0.13283405597162004
2,3,e1,0.3927287255293647
2,3,c1,0.15190513017244286
2,3,s1,0.10524241229798975
3,3,e0,0.39672393128246103
3,3,c0,0.11380166019349398
3,3,s0,0.05794245171462357
3,3,e1,0.36875749101078703
3,3,c1,0.32996022218428844
3,3,s1,0.17619235317303905
4,3,e0,0.4206951658010387
4,3,c0,0.15423426934394951
4,3,s0,0.1683090264091447
4,3,e1,0.5605273671594088
4,3,c1,0.558415929188211
4,3,s1,0.3772171856523453
5,3,e0,0.41669996004794246
5,3,c0,0.16648058231785898
5,3,s0,0.05794245171462357
5,3,e1,0.4726328405912904
5,3,c1,0.14577591285418204
5,3,s1,0.19590067008277495
6,3,e0,0.620455453455853
6,3,c0,0.5669442810404864
6,3,s0,0.27079227433977143
6,3,e1,0.8801438274071115
6,3,c1,0.8720264543978969
6,3,s1,0.8817500985415846
7,3,e0,0.6284458649620456
7,3,c0,0.5982181922723254
7,3,s0,0.3811588490342925
7,3,e1,0.9880143827407112
7,3,c1,1.0
7,3,s1,0.9093417422152148
8,3,e0,0.5445465441470236
8,3,c0,0.6588251692782635
8,3,s0,0.27079227433977143
8,3,e1,0.9800239712345186
8,3,c1,0.9629934477624996
8,3,s1,0.980291683090264
9,3,e0,0.9920095884938074
9,3,c0,0.9826693917455568
9,3,s0,0.9605833661805282
9,3,e1,0.9640431482221334
9,3,c1,0.970056369505565
9,3,s1,0.956641702798581
10,3,e0,0.9280862964442669
10,3,c0,0.8717472783362067
10,3,s0,0.9172250689791092
10,3,e1,0.9400719137035557
10,3,c1,0.9287961006691774
10,3,s1,0.8659834450137958
11,3,e0,0.564522572912505
11,3,c0,0.40624182971887224
11,3,s0,0.41269215608987
11,3,e1,0.9400719137035557
11,3,c1,0.9330498172680646
11,3,s1,0.9329917225068979
12,3,e0,0.9880143827407112
12,3,c0,0.9826693917455568
12,3,s0,0.9645250295624753
12,3,e1,1.0
12,3,c1,1.0
12,3,s1,1.0
13,3,e0,1.0
13,3,c0,1.0
13,3,s0,1.0
13,3,e1,1.0
13,3,c1,1.0
13,3,s1,0.9605833661805282
14,3,e0,1.0
14,3,c0,1.0
14,3,s0,0.9881750098541584
14,3,e1,0.9880143827407112
14,3,c1,0.9760703394180555
14,3,s1,0.9684666929444226
15,3,e0,1.0
15,3,c0,1.0
15,3,s0,1.0
15,3,e1,0.9960047942469037
15,3,c1,0.9901620280084714
15,3,s1,0.9960583366180528
16,3,e0,1.0
16,3,c0,1.0
16,3,s0,1.0
16,3,e1,1.0
16,3,c1,1.0
16,3,s1,1.0
17,3,e0,1.0
17,3,c0,1.0
17,3,s0,1.0
17,3,e1,1.0
17,3,c1,1.0
17,3,s1,1.0
18,3,e0,0.9840191769876149
18,3,c0,0.970056369505565
18,3,s0,0.9093417422152148
18,3,e1,1.0
18,3,c1,1.0
18,3,s1,1.0
19,3,e0,1.0
19,3,c0,1.0
19,3,s0,1.0
19,3,e1,1.0
19,3,c1,1.0
19,3,s1,1.0
20,3,e0,0.9960047942469037
20,3,c0,1.0
20,3,s0,0.9960583366180528
20,3,e1,1.0
20,3,c1,1.0
20,3,s1,0.9921166732361056
21,3,e0,1.0
21,3,c0,1.0
21,3,s0,1.0
21,3,e1,0.9960047942469037
21,3,c1,1.0
21,3,s1,0.9960583366180528
22,3,e0,1.0
22,3,c0,1.0
22,3,s0,0.9921166732361056
22,3,e1,0.9960047942469037
22,3,c1,0.9901620280084714
22,3,s1,0.9960583366180528
23,3,e0,1.0
23,3,c0,1.0
23,3,s0,0.9960583366180528
23,3,e1,1.0
23,3,c1,1.0
23,3,s1,1.0
24,3,e0,1.0
24,3,c0,1.0
24,3,s0,1.0
24,3,e1,1.0
24,3,c1,1.0
24,3,s1,1.0
25,3,e0,1.0
25,3,c0,1.0
25,3,s0,1.0
25,3,e1,1.0
25,3,c1,1.0
25,3,s1,1.0
26,3,e0,1.0
26,3,c0,1.0
26,3,s0,1.0
26,3,e1,1.0
26,3,c1,1.0
26,3,s1,1.0
27,3,e0,1.0
27,3,c0,1.0
27,3,s0,0.9842333464722113
27,3,e1,1.0
27,3,c1,1.0
27,3,s1,1.0
28,3,e0,1.0
28,3,c0,1.0
28,3,s0,1.0
28,3,e1,1.0
28,3,c1,1.0
28,3,s1,1.0
29,3,e0,1.0
29,3,c0,1.0
29,3,s0,1.0
29,3,e1,1.0
29,3,c1,1.0
29,3,s1,1.0
30,3,e0,1.0
30,3,c0,1.0
30,3,s0,0.9960583366180528
30,3,e1,1.0
30,3,c1,1.0
30,3,s1,1.0
31,3,e0,0.7682780663204155
31,3,c0,0.8736784923345625
31,3,s0,0.8462751281040599
31,3,e1,1.0
31,3,c1,1.0
31,3,s1,1.0
1,4,e0,0.4007191370355573
1,4,c0,-0.0038365106362950197
1,4,s0,0.1407173827355144
1,4,e1,0.3527766679984019
1,4,c1,0.10427662561332524
1,4,s1,0.13283405597162004
2,4,e0,0.4007191370355573
2,4,c0,0.015205323097755444
2,4,s0,0.09341742215214821
2,4,e1,0.48062325209748297
2,4,c1,0.2786627389143826
2,4,s1,0.17619235317303905
3,4,e0,0.4606472233320016
3,4,c0,0.2332177746183942
3,4,s0,0.15648403626330312
3,4,e1,0.34478625649220934
3,4,c1,0.0689285057746901
3,4,s1,0.13283405597162004
4,4,e0,0.43667598881342384
4,4,c0,0.24905855979240415
4,4,s0,0.11312573906188411
4,4,e1,0.44067119456652015
4,4,c1,0.17935379579308425
4,4,s1,0.2077256602286165
5,4,e0,0.46863763483819415
5,4,c0,0.24649948087696263
5,4,s0,0.1604256996452503
5,4,e1,0.7682780663204155
5,4,c1,0.7023184083620847
5,4,s1,0.6570752857705952
6,4,e0,0.7962445065920895
6,4,c0,0.7909620196334637
6,4,s0,0.6452502956247537
6,4,e1,0.9280862964442669
6,4,c1,0.9189581286776485
6,4,s1,0.8620417816318486
7,4,e0,0.49660407510986815
7,4,c0,0.39955504681556686
7,4,s0,0.21166732361056367
7,4,e1,0.9640431482221334
7,4,c1,0.9405424535309792
7,4,s1,0.9251083957430035
8,4,e0,0.9880143827407112
8,4,c0,0.9704860840254143
8,4,s0,0.9408750492707922
8,4,e1,1.0
8,4,c1,1.0
8,4,s1,0.9842333464722113
9,4,e0,0.5005992808629645
9,4,c0,0.11639926874990018
9,4,s0,0.23531730390224678
9,4,e1,0.9400719137035557
9,4,c1,0.9126516467748856
9,4,s1,0.8305084745762712
10,4,e0,0.9240910906911706
10,4,c0,0.9373124419452168
10,4,s0,0.7871501773748522
10,4,e1,0.9880143827407112
10,4,c1,0.9803240560169428
10,4,s1,0.9763500197083169
11,4,e0,0.5725129844186976
11,4,c0,0.6852922102631999
11,4,s0,0.44028379976350024
11,4,e1,0.9880143827407112
11,4,c1,0.9704860840254143
11,4,s1,0.9881750098541584
12,4,e0,1.0
12,4,c0,1.0
12,4,s0,1.0
12,4,e1,1.0
12,4,c1,1.0
12,4,s1,1.0
13,4,e0,1.0
13,4,c0,1.0
13,4,s0,1.0
13,4,e1,0.9840191769876149
13,4,c1,0.9728314197540282
13,4,s1,0.980291683090264
14,4,e0,0.9960047942469037
14,4,c0,1.0
14,4,s0,0.9960583366180528
14,4,e1,1.0
14,4,c1,1.0
14,4,s1,0.9842333464722113
15,4,e0,0.9960047942469037
15,4,c0,1.0
15,4,s0,0.9881750098541584
15,4,e1,1.0
15,4,c1,1.0
15,4,s1,1.0
16,4,e0,1.0
16,4,c0,1.0
16,4,s0,0.9842333464722113
16,4,e1,1.0
16,4,c1,1.0
16,4,s1,1.0
17,4,e0,0.9720335597283261
17,4,c0,0.9644810221911886
17,4,s0,0.9605833661805282
17,4,e1,1.0
17,4,c1,1.0
17,4,s1,1.0
18,4,e0,1.0
18,4,c0,1.0
18,4,s0,1.0
18,4,e1,1.0
18,4,c1,1.0
18,4,s1,1.0
19,4,e0,0.6004794246903715
19,4,c0,0.6743390549393854
19,4,s0,0.45999211667323614
19,4,e1,1.0
19,4,c1,1.0
19,4,s1,1.0
20,4,e0,1.0
20,4,c0,1.0
20,4,s0,1.0
20,4,e1,1.0
20,4,c1,1.0
20,4,s1,0.9448167126527395
21,4,e0,1.0
21,4,c0,1.0
21,4,s0,1.0
21,4,e1,0.9001198561725929
21,4,c1,0.911933701673772
21,4,s1,0.9290500591249508
22,4,e0,1.0
22,4,c0,1.0
22,4,s0,1.0
22,4,e1,1.0
22,4,c1,1.0
22,4,s1,1.0
23,4,e0,1.0
23,4,c0,1.0
23,4,s0,0.9842333464722113
23,4,e1,1.0
23,4,c1,1.0
23,4,s1,1.0
24,4,e0,1.0
24,4,c0,1.0
24,4,s0,0.9842333464722113
24,4,e1,1.0
24,4,c1,1.0
24,4,s1,1.0
25,4,e0,1.0
25,4,c0,1.0
25,4,s0,1.0
25,4,e1,0.9840191769876149
25,4,c1,1.0
25,4,s1,0.9684666929444226
26,4,e0,0.832201358369956
26,4,c0,0.6263491591539396
26,4,s0,0.8147418210484825
26,4,e1,1.0
26,4,c1,1.0
26,4,s1,1.0
27,4,e0,1.0
27,4,c0,1.0
27,4,s0,1.0
27,4,e1,1.0
27,4,c1,1.0
27,4,s1,1.0
28,4,e0,1.0
28,4,c0,1.0
28,4,s0,0.9921166732361056
28,4,e1,0.9960047942469037
28,4,c1,0.9901620280084714
28,4,s1,0.9921166732361056
29,4,e0,0.8641630043947264
29,4,c0,0.845154876367128
29,4,s0,0.72014189988175
29,4,e1,1.0
29,4,c1,1.0
29,4,s1,1.0
30,4,e0,0.888134238913304
30,4,c0,0.8924019542191147
30,4,s0,0.8659834450137958
30,4,e1,1.0
30,4,c1,1.0
30,4,s1,1.0
31,4,e0,1.0
31,4,c0,1.0
31,4,s0,1.0
31,4,e1,1.0
31,4,c1,1.0
31,4,s1,1.0
1,5,e0,0.44067119456652015
1,5,c0,0.10861438199522705
1,5,s0,0.14860070949940876
1,5,e1,0.34079105073911303
1,5,c1,0.08834601757012576
1,5,s1,0.13677571935356722
2,5,e0,0.35677187375149816
2,5,c0,0.12483929920534324
2,5,s0,0.16436736302719748
2,5,e1,0.46464242908509784
2,5,c1,0.12752476851317307
2,5,s1,0.14465904611746158
3,5,e0,0.38473831402317216
3,5,c0,0.21639137663715802
3,5,s0,0.13677571935356722
3,5,e1,0.6723931282461046
3,5,c1,0.6418145238748882
3,5,s1,0.4521087899093418
4,5,e0,0.8681582101478226
4,5,c0,0.888721986192941
4,5,s0,0.7122585731178557
4,5,e1,0.8162205353575709
4,5,c1,0.8827080162804507
4,5,s1,0.6767836026803311
5,5,e0,0.4446664003196164
5,5,c0,0.06808000057778968
5,5,s0,0.09735908553409539
5,5,e1,0.9081102676787854
5,5,c1,0.8950829484248755
5,5,s1,0.8581001182499014
6,5,e0,0.4606472233320016
6,5,c0,0.23864632444099165
6,5,s0,0.2077256602286165
6,5,e1,0.7403116260487416
6,5,c1,0.7119380144396152
6,5,s1,0.36933385888845094
7,5,e0,0.648421893727527
7,5,c0,0.6288823139961903
7,5,s0,0.2786756011036658
7,5,e1,1.0
7,5,c1,1.0
7,5,s1,0.9960583366180528
8,5,e0,0.4766280463443867
8,5,c0,0.3188143605894207
8,5,s0,0.22349231375640521
8,5,e1,0.9720335597283261
8,5,c1,0.9433175037794425
8,5,s1,0.9684666929444226
9,5,e0,0.8721534159009189
9,5,c0,0.9051590105119708
9,5,s0,0.6413086322428064
9,5,e1,0.9720335597283261
9,5,c1,0.9901620280084714
9,5,s1,0.9684666929444226
10,5,e0,0.9121054734318818
10,5,c0,0.9543306158636068
10,5,s0,0.9093417422152148
10,5,e1,0.9920095884938074
10,5,c1,0.9901620280084714
10,5,s1,0.9921166732361056
11,5,e0,0.7922493008389933
11,5,c0,0.742886370330034
11,5,s0,0.5467087110760741
11,5,e1,0.9960047942469037
11,5,c1,0.9901620280084714
11,5,s1,0.9881750098541584
12,5,e0,0.9041150619256891
12,5,c0,0.8486618177583605
12,5,s0,0.8305084745762712
12,5,e1,1.0
12,5,c1,1.0
12,5,s1,0.9921166732361056
13,5,e0,0.9920095884938074
13,5,c0,1.0
13,5,s0,0.9369333858888451
13,5,e1,1.0
13,5,c1,1.0
13,5,s1,1.0
14,5,e0,1.0
14,5,c0,1.0
14,5,s0,0.9960583366180528
14,5,e1,1.0
14,5,c1,1.0
14,5,s1,0.9960583366180528
15,5,e0,0.7882540950858969
15,5,c0,0.6439187603576321
15,5,s0,0.72014189988175
15,5,e1,1.0
15,5,c1,1.0
15,5,s1,1.0
16,5,e0,0.9960047942469037
16,5,c0,1.0
16,5,s0,0.9960583366180528
16,5,e1,1.0
16,5,c1,1.0
16,5,s1,1.0
17,5,e0,0.9960047942469037
17,5,c0,0.9901620280084714
17,5,s0,0.9960583366180528
17,5,e1,1.0
17,5,c1,1.0
17,5,s1,1.0
18,5,e0,1.0
18,5,c0,1.0
18,5,s0,0.9960583366180528
18,5,e1,1.0
18,5,c1,1.0
18,5,s1,1.0
19,5,e0,1.0
19,5,c0,1.0
19,5,s0,1.0
19,5,e1,1.0
19,5,c1,1.0
19,5,s1,0.980291683090264
20,5,e0,0.9880143827407112
20,5,c0,0.9901620280084714
20,5,s0,0.9881750098541584
20,5,e1,1.0
20,5,c1,1.0
20,5,s1,1.0
21,5,e0,0.704354774270875
21,5,c0,0.6707705190080321
21,5,s0,0.4324004729996059
21,5,e1,1.0
21,5,c1,1.0
21,5,s1,1.0
22,5,e0,1.0
22,5,c0,1.0
22,5,s0,1.0
22,5,e1,1.0
22,5,c1,1.0
22,5,s1,1.0
23,5,e0,1.0
23,5,c0,1.0
23,5,s0,1.0
23,5,e1,1.0
23,5,c1,1.0
23,5,s1,1.0
24,5,e0,0.9840191769876149
24,5,c0,0.970056369505565
24,5,s0,0.8738667717776902
24,5,e1,1.0
24,5,c1,1.0
24,5,s1,1.0
25,5,e0,0.9880143827407112
25,5,c0,0.9826693917455568
25,5,s0,0.9527000394166338
25,5,e1,1.0
25,5,c1,1.0
25,5,s1,1.0
26,5,e0,0.9960047942469037
26,5,c0,1.0
26,5,s0,0.739850216791486
26,5,e1,1.0
26,5,c1,1.0
26,5,s1,1.0
27,5,e0,1.0
27,5,c0,0.5804062500807265
27,5,s0,0.980291683090264
27,5,e1,1.0
27,5,c1,1.0
27,5,s1,1.0
28,5,e0,0.7403116260487416
28,5,c0,0.7667142669310811
28,5,s0,0.6255419787150177
28,5,e1,1.0
28,5,c1,1.0
28,5,s1,1.0
29,5,e0,1.0
29,5,c0,1.0
29,5,s0,1.0
29,5,e1,1.0
29,5,c1,1.0
29,5,s1,1.0
30,5,e0,1.0
30,5,c0,1.0
30,5,s0,1.0
30,5,e1,1.0
30,5,c1,1.0
30,5,s1,1.0
31,5,e0,0.9760287654814223
31,5,c0,0.9644810221911886
31,5,s0,0.9763500197083169
31,5,e1,1.0
31,5,c1,1.0
31,5,s1,1.0
1,6,e0,0.35677187375149816
1,6,c0,0.06691252187500994
1,6,s0,0.1683090264091447
1,6,e1,0.4047143427886536
1,6,c1,0.06091977920386357
1,6,s1,0.14860070949940876
2,6,e0,0.4007191370355573
2,6,c0,0.12249407134827787
2,6,s0,0.13677571935356722
2,6,e1,0.3527766679984019
2,6,c1,0.1738439018518401
2,6,s1,0.09735908553409539
3,6,e0,0.5165801038753496
3,6,c0,0.31488134328793876
3,6,s0,0.30626724477729605
3,6,e1,0.704354774270875
3,6,c1,0.6284097449567656
3,6,s1,0.5703586913677572
4,6,e0,0.49260886935677184
4,6,c0,0.1831897674443871
4,6,s0,0.14860070949940876
4,6,e1,0.41669996004794246
4,6,c1,0.32787416643761985
4,6,s1,0.1880173433188806
5,6,e0,0.508589692369157
5,6,c0,0.4660873076014261
5,6,s0,0.17225068979109187
5,6,e1,0.4726328405912904
5,6,c1,0.23272678834222904
5,6,s1,0.15648403626330312
6,6,e0,0.732321214542549
6,6,c0,0.7650903706697542
6,6,s0,0.590067008277493
6,6,e1,0.9840191769876149
6,6,c1,0.9653387834911137
6,6,s1,0.9645250295624753
7,6,e0,0.5844986016779864
7,6,c0,0.5376536043206764
7,6,s0,0.47970043358297204
7,6,e1,0.8961246504194966
7,6,c1,0.9058812370220926
7,6,s1,0.8935750886874261
8,6,e0,0.9760287654814223
8,6,c0,0.9760703394180555
8,6,s0,0.9251083957430035
8,6,e1,0.9840191769876149
8,6,c1,0.9629934477624996
8,6,s1,0.9724083563263697
9,6,e0,0.9400719137035557
9,6,c0,0.9629934477624996
9,6,s0,0.9408750492707922
9,6,e1,0.8082301238513784
9,6,c1,0.8282309168821315
9,6,s1,0.6767836026803311
10,6,e0,0.9920095884938074
10,6,c0,0.9803240560169428
10,6,s0,0.956641702798581
10,6,e1,1.0
10,6,c1,1.0
10,6,s1,0.9921166732361056
11,6,e0,1.0
11,6,c0,1.0
11,6,s0,0.9881750098541584
11,6,e1,0.9960047942469037
11,6,c1,0.9901620280084714
11,6,s1,0.9881750098541584
12,6,e0,1.0
12,6,c0,1.0
12,6,s0,1.0
12,6,e1,1.0
12,6,c1,1.0
12,6,s1,1.0
13,6,e0,0.9840191769876149
13,6,c0,0.9901620280084714
13,6,s0,0.9369333858888451
13,6,e1,1.0
13,6,c1,1.0
13,6,s1,1.0
14,6,e0,0.944067119456652
14,6,c0,0.9592580809083479
14,6,s0,0.759558533701222
14,6,e1,0.9720335597283261
14,6,c1,0.9503804255225078
14,6,s1,0.9724083563263697
15,6,e0,1.0
15,6,c0,1.0
15,6,s0,0.9960583366180528
15,6,e1,0.9840191769876149
15,6,c1,0.9826693917455568
15,6,s1,0.980291683090264
16,6,e0,0.9960047942469037
16,6,c0,1.0
16,6,s0,0.9960583366180528
16,6,e1,1.0
16,6,c1,1.0
16,6,s1,1.0
17,6,e0,0.6723931282461046
17,6,c0,0.6314588592725069
17,6,s0,0.6018919984233346
17,6,e1,0.9960047942469037
17,6,c1,0.9901620280084714
17,6,s1,0.9960583366180528
18,6,e0,1.0
18,6,c0,1.0
18,6,s0,1.0
18,6,e1,1.0
18,6,c1,1.0
18,6,s1,0.9921166732361056
19,6,e0,1.0
19,6,c0,1.0
19,6,s0,1.0
19,6,e1,1.0
19,6,c1,1.0
19,6,s1,0.9960583366180528
20,6,e0,0.9680383539752297
20,6,c0,1.0
20,6,s0,0.9487583760346866
20,6,e1,1.0
20,6,c1,1.0
20,6,s1,1.0
21,6,e0,1.0
21,6,c0,1.0
21,6,s0,1.0
21,6,e1,1.0
21,6,c1,1.0
21,6,s1,1.0
22,6,e0,1.0
22,6,c0,1.0
22,6,s0,1.0
22,6,e1,1.0
22,6,c1,1.0
22,6,s1,1.0
23,6,e0,0.9480623252097483
23,6,c0,0.9039888148759928
23,6,s0,0.8738667717776902
23,6,e1,1.0
23,6,c1,1.0
23,6,s1,0.9763500197083169
24,6,e0,0.9960047942469037
24,6,c0,1.0
24,6,s0,0.980291683090264
24,6,e1,1.0
24,6,c1,1.0
24,6,s1,1.0
25,6,e0,1.0
25,6,c0,1.0
25,6,s0,1.0
25,6,e1,1.0
25,6,c1,1.0
25,6,s1,1.0
26,6,e0,1.0
26,6,c0,1.0
26,6,s0,1.0
26,6,e1,1.0
26,6,c1,1.0
26,6,s1,1.0
27,6,e0,1.0
27,6,c0,1.0
27,6,s0,1.0
27,6,e1,1.0
27,6,c1,1.0
27,6,s1,1.0
28,6,e0,1.0
28,6,c0,1.0
28,6,s0,1.0
28,6,e1,1.0
28,6,c1,1.0
28,6,s1,1.0
29,6,e0,1.0
29,6,c0,1.0
29,6,s0,1.0
29,6,e1,1.0
29,6,c1,1.0
29,6,s1,1.0
30,6,e0,0.8721534159009189
30,6,c0,0.8258284908520206
30,6,s0,0.8738667717776902
30,6,e1,1.0
30,6,c1,1.0
30,6,s1,1.0
31,6,e0,1.0
31,6,c0,1.0
31,6,s0,1.0
31,6,e1,1.0
31,6,c1,1.0
31,6,s1,1.0
1,7,e0,0.3807431082700759
1,7,c0,0.0714286745105715
1,7,s0,0.10130074891604257
1,7,e1,0.39672393128246103
1,7,c1,0.1383896701613479
1,7,s1,0.07765076862435948
2,7,e0,0.34079105073911303
2,7,c0,0.12046970528531
2,7,s0,0.06582577847851794
2,7,e1,0.41669996004794246
2,7,c1,0.25581879422940157
2,7,s1,0.25896728419392984
3,7,e0,0.452656811825809
3,7,c0,0.22758857414174172
3,7,s0,0.19590067008277495
3,7,e1,0.508589692369157
3,7,c1,0.2205408108442361
3,7,s1,0.23137564052029957
4,7,e0,0.5165801038753496
4,7,c0,0.4291456144706988
4,7,s0,0.23137564052029957
4,7,e1,0.9680383539752297
4,7,c1,0.9644810221911886
4,7,s1,0.9211667323610564
5,7,e0,0.424690371554135
5,7,c0,0.11110496185033221
5,7,s0,0.14465904611746158
5,7,e1,0.46464242908509784
5,7,c1,0.3644420329837891
5,7,s1,0.24320063066614114
6,7,e0,0.5405513383939273
6,7,c0,0.385604860512254
6,7,s0,0.1880173433188806
6,7,e1,0.9960047942469037
6,7,c1,0.9901620280084714
6,7,s1,0.9960583366180528
7,7,e0,0.7443068318018378
7,7,c0,0.7382745902816166
7,7,s0,0.3969255025620812
7,7,e1,0.8801438274071115
7,7,c1,0.9039579542615328
7,7,s1,0.869925108395743
8,7,e0,0.9520575309628446
8,7,c0,0.9264507649405633
8,7,s0,0.9527000394166338
8,7,e1,0.9560527367159408
8,7,c1,0.9428877892595933
8,7,s1,0.9448167126527395
9,7,e0,0.8122253296044747
9,7,c0,0.8285507753824375
9,7,s0,0.6452502956247537
9,7,e1,0.9880143827407112
9,7,c1,0.9760703394180555
9,7,s1,0.9645250295624753
10,7,e0,0.536556132640831
10,7,c0,0.5236003873236132
10,7,s0,0.3338588884509263
10,7,e1,0.9680383539752297
10,7,c1,0.9555008114995851
10,7,s1,0.8935750886874261
11,7,e0,1.0
11,7,c0,1.0
11,7,s0,1.0
11,7,e1,1.0
11,7,c1,1.0
11,7,s1,0.9960583366180528
12,7,e0,1.0
12,7,c0,1.0
12,7,s0,0.9842333464722113
12,7,e1,1.0
12,7,c1,1.0
12,7,s1,1.0
13,7,e0,0.9760287654814223
13,7,c0,0.9728314197540282
13,7,s0,0.9448167126527395
13,7,e1,1.0
13,7,c1,1.0
13,7,s1,1.0
14,7,e0,0.9520575309628446
14,7,c0,0.9728314197540282
14,7,s0,0.9448167126527395
14,7,e1,1.0
14,7,c1,1.0
14,7,s1,1.0
15,7,e0,0.704354774270875
15,7,c0,0.6901990378796559
15,7,s0,0.3732755222703981
15,7,e1,1.0
15,7,c1,1.0
15,7,s1,0.9960583366180528
16,7,e0,0.9520575309628446
16,7,c0,0.9728314197540282
16,7,s0,0.7792668506109578
16,7,e1,0.9600479424690371
16,7,c1,0.9395821369252907
16,7,s1,0.8068584942845881
17,7,e0,0.9320815021973632
17,7,c0,0.9126516467748856
17,7,s0,0.9251083957430035
17,7,e1,1.0
17,7,c1,1.0
17,7,s1,1.0
18,7,e0,1.0
18,7,c0,1.0
18,7,s0,0.980291683090264
18,7,e1,1.0
18,7,c1,1.0
18,7,s1,1.0
19,7,e0,0.9081102676787854
19,7,c0,0.9108804099997232
19,7,s0,0.9093417422152148
19,7,e1,1.0
19,7,c1,1.0
19,7,s1,0.9921166732361056
20,7,e0,0.9960047942469037
20,7,c0,1.0
20,7,s0,0.9960583366180528
20,7,e1,1.0
20,7,c1,1.0
20,7,s1,1.0
21,7,e0,1.0
21,7,c0,1.0
21,7,s0,1.0
21,7,e1,1.0
21,7,c1,1.0
21,7,s1,1.0
22,7,e0,1.0
22,7,c0,1.0
22,7,s0,1.0
22,7,e1,1.0
22,7,c1,1.0
22,7,s1,1.0
23,7,e0,1.0
23,7,c0,1.0
23,7,s0,0.9527000394166338
23,7,e1,1.0
23,7,c1,1.0
23,7,s1,1.0
24,7,e0,1.0
24,7,c0,1.0
24,7,s0,1.0
24,7,e1,0.9001198561725929
24,7,c1,0.8886265643640375
24,7,s1,0.8935750886874261
25,7,e0,1.0
25,7,c0,1.0
25,7,s0,1.0
25,7,e1,1.0
25,7,c1,1.0
25,7,s1,1.0
26,7,e0,1.0
26,7,c0,1.0
26,7,s0,0.9921166732361056
26,7,e1,0.9960047942469037
26,7,c1,0.9901620280084714
26,7,s1,0.9960583366180528
27,7,e0,1.0
27,7,c0,1.0
27,7,s0,1.0
27,7,e1,1.0
27,7,c1,1.0
27,7,s1,1.0
28,7,e0,1.0
28,7,c0,1.0
28,7,s0,1.0
28,7,e1,1.0
28,7,c1,1.0
28,7,s1,1.0
29,7,e0,1.0
29,7,c0,1.0
29,7,s0,1.0
29,7,e1,1.0
29,7,c1,1.0
29,7,s1,1.0
30,7,e0,0.9240910906911706
30,7,c0,0.644554638443665
30,7,s0,0.8935750886874261
30,7,e1,0.9920095884938074
30,7,c1,1.0
30,7,s1,0.913283405597162
31,7,e0,0.9200958849380743
31,7,c0,0.42939081269329094
31,7,s0,0.9211667323610564
31,7,e1,1.0
31,7,c1,1.0
31,7,s1,1.0
1,8,e0,0.2928485817019576
1,8,c0,0.20235669067134676
1,8,s0,0.1880173433188806
1,8,e1,0.4047143427886536
1,8,c1,0.02157240418336653
1,8,s1,0.1170674024438313
2,8,e0,0.46464242908509784
2,8,c0,0.34090522637042664
2,8,s0,0.23137564052029957
2,8,e1,0.3527766679984019
2,8,c1,0.07418698590752229
2,8,s1,0.12495072920772567
3,8,e0,0.4047143427886536
3,8,c0,0.17331514069246634
3,8,s0,0.08159243200630666
3,8,e1,0.4446664003196164
3,8,c1,0.4029771335812178
3,8,s1,0.17619235317303905
4,8,e0,0.4047143427886536
4,8,c0,0.3597572114251638
4,8,s0,0.21560898699251085
4,8,e1,0.46863763483819415
4,8,c1,0.3129312007934038
4,8,s1,0.17619235317303905
5,8,e0,0.5205753096284459
5,8,c0,0.32530503923856874
5,8,s0,0.17225068979109187
5,8,e1,0.7962445065920895
5,8,c1,0.7787986841284684
5,8,s1,0.38510051241623966
6,8,e0,0.6404314822213344
6,8,c0,0.5697206451504687
6,8,s0,0.38510051241623966
6,8,e1,0.6244506592089493
6,8,c1,0.6196840690246864
6,8,s1,0.5545920378399685
7,8,e0,0.5445465441470236
7,8,c0,0.21958600159561092
7,8,s0,0.21955065037445803
7,8,e1,0.564522572912505
7,8,c1,0.5092436479669716
7,8,s1,0.2944422546314545
8,8,e0,0.6843787455053936
8,8,c0,0.66468389133046
8,8,s0,0.34568387859676786
8,8,e1,1.0
8,8,c1,1.0
8,8,s1,0.9842333464722113
9,8,e0,0.9720335597283261
9,8,c0,0.9803240560169428
9,8,s0,0.8935750886874261
9,8,e1,0.9960047942469037
9,8,c1,1.0
9,8,s1,0.9527000394166338
10,8,e0,0.9800239712345186
10,8,c0,1.0
10,8,s0,0.8935750886874261
10,8,e1,0.9320815021973632
10,8,c1,0.9287961006691774
10,8,s1,0.9211667323610564
11,8,e0,1.0
11,8,c0,1.0
11,8,s0,1.0
11,8,e1,1.0
11,8,c1,1.0
11,8,s1,1.0
12,8,e0,1.0
12,8,c0,1.0
12,8,s0,1.0
12,8,e1,1.0
12,8,c1,1.0
12,8,s1,0.9881750098541584
13,8,e0,0.9760287654814223
13,8,c0,0.9629934477624996
13,8,s0,0.9763500197083169
13,8,e1,1.0
13,8,c1,1.0
13,8,s1,1.0
14,8,e0,1.0
14,8,c0,1.0
14,8,s0,1.0
14,8,e1,0.9640431482221334
14,8,c1,0.94011273901113
14,8,s1,0.9054000788332677
15,8,e0,1.0
15,8,c0,1.0
15,8,s0,0.9921166732361056
15,8,e1,1.0
15,8,c1,1.0
15,8,s1,1.0
16,8,e0,1.0
16,8,c0,1.0
16,8,s0,1.0
16,8,e1,1.0
16,8,c1,1.0
16,8,s1,1.0
17,8,e0,0.9920095884938074
17,8,c0,0.9803240560169428
17,8,s0,0.9921166732361056
17,8,e1,1.0
17,8,c1,1.0
17,8,s1,1.0
18,8,e0,1.0
18,8,c0,1.0
18,8,s0,0.9645250295624753
18,8,e1,1.0
18,8,c1,1.0
18,8,s1,1.0
19,8,e0,0.9600479424690371
19,8,c0,0.9461267089236205
19,8,s0,0.7989751675206938
19,8,e1,1.0
19,8,c1,1.0
19,8,s1,1.0
20,8,e0,1.0
20,8,c0,1.0
20,8,s0,1.0
20,8,e1,1.0
20,8,c1,1.0
20,8,s1,1.0
21,8,e0,1.0
21,8,c0,1.0
21,8,s0,1.0
21,8,e1,1.0
21,8,c1,1.0
21,8,s1,1.0
22,8,e0,0.9960047942469037
22,8,c0,0.9901620280084714
22,8,s0,0.9960583366180528
22,8,e1,0.9960047942469037
22,8,c1,0.9901620280084714
22,8,s1,0.9960583366180528
23,8,e0,0.8761486216540152
23,8,c0,0.9760703394180555
23,8,s0,0.7162002364998029
23,8,e1,1.0
23,8,c1,1.0
23,8,s1,1.0
24,8,e0,1.0
24,8,c0,1.0
24,8,s0,1.0
24,8,e1,1.0
24,8,c1,1.0
24,8,s1,1.0
25,8,e0,1.0
25,8,c0,1.0
25,8,s0,1.0
25,8,e1,1.0
25,8,c1,1.0
25,8,s1,1.0
26,8,e0,1.0
26,8,c0,1.0
26,8,s0,1.0
26,8,e1,1.0
26,8,c1,1.0
26,8,s1,1.0
27,8,e0,0.9920095884938074
27,8,c0,0.9826693917455568
27,8,s0,0.9842333464722113
27,8,e1,0.9920095884938074
27,8,c1,0.9901620280084714
27,8,s1,0.980291683090264
28,8,e0,1.0
28,8,c0,1.0
28,8,s0,1.0
28,8,e1,1.0
28,8,c1,1.0
28,8,s1,1.0
29,8,e0,1.0
29,8,c0,1.0
29,8,s0,1.0
29,8,e1,1.0
29,8,c1,1.0
29,8,s1,0.9960583366180528
30,8,e0,0.9081102676787854
30,8,c0,0.9038894979282611
30,8,s0,0.9093417422152148
30,8,e1,1.0
30,8,c1,1.0
30,8,s1,1.0
31,8,e0,1.0
31,8,c0,0.5804062500807265
31,8,s0,1.0
31,8,e1,0.8082301238513784
31,8,c1,0.6889720850623363
31,8,s1,0.7516752069373276
1,9,e0,0.36951316839584997
1,9,c0,0.07598263116526874
1,9,s0,0.18638763935067473
1,9,e1,0.34557063048683156
1,9,c1,0.23648123078287284
1,9,s1,0.13944846469782907
2,9,e0,0.37350359138068634
2,9,c0,0.12150546021364933
2,9,s0,0.10033248582045765
2,9,e1,0.3854748603351955
2,9,c1,0.21695107312336187
2,9,s1,0.13944846469782907
3,9,e0,0.44533120510774143
3,9,c0,0.11972290082821008
3,9,s0,0.12380207314688049
3,9,e1,0.4134078212290503
3,9,c1,0.1040137097235025
3,9,s1,0.15900645413651476
4,9,e0,0.6528332003192339
4,9,c0,0.5896681986819519
4,9,s0,0.34676315274789754
4,9,e1,0.36951316839584997
4,9,c1,0.11203943568259771
4,9,s1,0.13162526892235477
5,9,e0,0.42138866719872303
5,9,c0,0.2039649468718028
5,9,s0,0.19029923723841188
5,9,e1,0.7086991221069433
5,9,c1,0.6846257143961865
5,9,s1,0.39761392528848033
6,9,e0,0.6129289704708699
6,9,c0,0.6206313298212558
6,9,s0,0.2841775865441033
6,9,e1,0.8563447725458898
6,9,c1,0.8583403762873729
6,9,s1,0.8591824760414629
7,9,e0,0.9401436552274541
7,9,c0,0.9903067040671704
7,9,s0,0.9100332485820458
7,9,e1,0.9920191540303273
7,9,c1,0.9903067040671704
7,9,s1,0.9804420105613143
8,9,e0,0.6807661612130885
8,9,c0,0.7102308962125615
8,9,s0,0.48758067670643457
8,9,e1,0.9481245011971269
8,9,c1,0.9422707534546223
8,9,s1,0.8943868570310972
9,9,e0,0.928172386272945
9,9,c0,0.8970828940486685
9,9,s0,0.8826520633678858
9,9,e1,0.9920191540303273
9,9,c1,0.9903067040671704
9,9,s1,0.9843536084490514
10,9,e0,0.5969672785315243
10,9,c0,0.44806923797361387
10,9,s0,0.276354390768629
10,9,e1,0.9640861931364725
10,9,c1,0.9501639308445131
10,9,s1,0.94523762957168
11,9,e0,0.9201915403032721
11,9,c0,0.8781121484897683
11,9,s0,0.8982984549188343
11,9,e1,0.9920191540303273
11,9,c1,0.9903067040671704
11,9,s1,0.9608840211226286
12,9,e0,0.6288906624102155
12,9,c0,0.5733872252573928
12,9,s0,0.23332681400352043
12,9,e1,1.0
12,9,c1,1.0
12,9,s1,0.9491492274594172
13,9,e0,0.9920191540303273
13,9,c0,0.9903067040671704
13,9,s0,0.9687072168981029
13,9,e1,1.0
13,9,c1,1.0
13,9,s1,0.9960884021122629
14,9,e0,0.9760574620909817
14,9,c0,0.9903067040671704
14,9,s0,0.9804420105613143
14,9,e1,1.0
14,9,c1,1.0
14,9,s1,1.0
15,9,e0,0.9760574620909817
15,9,c0,1.0
15,9,s0,0.8083317035008801
15,9,e1,1.0
15,9,c1,1.0
15,9,s1,1.0
16,9,e0,0.9960095770151636
16,9,c0,0.9903067040671704
16,9,s0,0.9960884021122629
16,9,e1,1.0
16,9,c1,1.0
16,9,s1,1.0
17,9,e0,0.8443735035913806
17,9,c0,0.8406629286208878
17,9,s0,0.749657735184823
17,9,e1,0.9920191540303273
17,9,c1,1.0
17,9,s1,0.9882652063367886
18,9,e0,1.0
18,9,c0,1.0
18,9,s0,1.0
18,9,e1,1.0
18,9,c1,1.0
18,9,s1,0.9960884021122629
19,9,e0,0.9640861931364725
19,9,c0,0.9538443658331626
19,9,s0,0.6205750048894974
19,9,e1,1.0
19,9,c1,1.0
19,9,s1,0.9921768042245257
20,9,e0,1.0
20,9,c0,1.0
20,9,s0,1.0
20,9,e1,1.0
20,9,c1,1.0
20,9,s1,1.0
21,9,e0,0.9361532322426177
21,9,c0,0.9110197190691514
21,9,s0,0.6557793858791316
21,9,e1,1.0
21,9,c1,1.0
21,9,s1,1.0
22,9,e0,1.0
22,9,c0,1.0
22,9,s0,1.0
22,9,e1,0.9960095770151636
22,9,c1,1.0
22,9,s1,0.9960884021122629
23,9,e0,0.75658419792498
23,9,c0,0.7099910538525208
23,9,s0,0.6283982006649717
23,9,e1,1.0
23,9,c1,1.0
23,9,s1,1.0
24,9,e0,0.9880287310454908
24,9,c0,1.0
24,9,s0,0.8435360844905144
24,9,e1,1.0
24,9,c1,1.0
24,9,s1,1.0
25,9,e0,1.0
25,9,c0,1.0
25,9,s0,0.9765304126735772
25,9,e1,1.0
25,9,c1,1.0
25,9,s1,1.0
26,9,e0,1.0
26,9,c0,1.0
26,9,s0,1.0
26,9,e1,1.0
26,9,c1,1.0
26,9,s1,1.0
27,9,e0,1.0
27,9,c0,1.0
27,9,s0,0.9765304126735772
27,9,e1,1.0
27,9,c1,1.0
27,9,s1,1.0
28,9,e0,1.0
28,9,c0,1.0
28,9,s0,1.0
28,9,e1,1.0
28,9,c1,1.0
28,9,s1,1.0
29,9,e0,0.7964884277733439
29,9,c0,0.6542698179380932
29,9,s0,0.8278896929395658
29,9,e1,1.0
29,9,c1,1.0
29,9,s1,1.0
30,9,e0,1.0
30,9,c0,1.0
30,9,s0,1.0
30,9,e1,1.0
30,9,c1,1.0
30,9,s1,1.0
31,9,e0,1.0
31,9,c0,1.0
31,9,s0,0.9569724232348914
31,9,e1,1.0
31,9,c1,1.0
31,9,s1,1.0
1,10,e0,0.2936951316839585
1,10,c0,0.18235789424475346
1,10,s0,0.13553686681009192
1,10,e1,0.37350359138068634
1,10,c1,0.13660379906818337
1,10,s1,0.09250929004498337
2,10,e0,0.4014365522745411
2,10,c0,0.15708865529277455
2,10,s0,0.13553686681009192
2,10,e1,0.3415802075019952
2,10,c1,0.09099479596702895
2,10,s1,0.1159788773714062
3,10,e0,0.37350359138068634
3,10,c0,0.05133641155734049
3,10,s0,0.11206727948366907
3,10,e1,0.40941739824421386
3,10,c1,0.2382096648190246
3,10,s1,0.22550361822804615
4,10,e0,0.38148443735035914
4,10,c0,0.09084732613157825
4,10,s0,0.18638763935067473
4,10,e1,0.4333599361532322
4,10,c1,0.481334845754323
4,10,s1,0.19421083512614903
5,10,e0,0.46528332003192335
5,10,c0,0.27920960726008015
5,10,s0,0.19421083512614903
5,10,e1,0.9082202713487629
5,10,c1,0.892942800668283
5,10,s1,0.7183649520829258
6,10,e0,0.8723064644852354
6,10,c0,0.8768158591878225
6,10,s0,0.7183649520829258
6,10,e1,0.960095770151636
6,10,c1,0.9764222461913193
6,10,s1,0.9256796401329943
7,10,e0,0.4692737430167598
7,10,c0,0.11119017375913515
7,10,s0,0.1746528456874633
7,10,e1,0.9760574620909817
7,10,c1,0.9732309576988218
7,10,s1,0.8278896929395658
8,10,e0,0.9960095770151636
8,10,c0,0.9903067040671704
8,10,s0,0.9882652063367886
8,10,e1,0.9840383080606544
8,10,c1,0.9658485072633031
8,10,s1,0.9569724232348914
9,10,e0,0.9880287310454908
9,10,c0,1.0
9,10,s0,0.8591824760414629
9,10,e1,0.9840383080606544
9,10,c1,0.9903067040671704
9,10,s1,0.9569724232348914
10,10,e0,0.9481245011971269
10,10,c0,0.9511101251471769
10,10,s0,0.9374144337962057
10,10,e1,0.9042298483639266
10,10,c1,0.8666770068263588
10,10,s1,0.9061216506943086
11,10,e0,0.9960095770151636
11,10,c0,1.0
11,10,s0,0.91785644435752
11,10,e1,1.0
11,10,c1,1.0
11,10,s1,0.9960884021122629
12,10,e0,0.9680766161213089
12,10,c0,0.9550022244538477
12,10,s0,0.8787404654801486
12,10,e1,0.9960095770151636
12,10,c1,1.0
12,10,s1,0.9882652063367886
13,10,e0,1.0
13,10,c0,1.0
13,10,s0,0.9804420105613143
13,10,e1,0.9960095770151636
13,10,c1,0.9903067040671704
13,10,s1,0.9960884021122629
14,10,e0,1.0
14,10,c0,1.0
14,10,s0,0.9921768042245257
14,10,e1,1.0
14,10,c1,1.0
14,10,s1,1.0
15,10,e0,1.0
15,10,c0,1.0
15,10,s0,1.0
15,10,e1,0.9162011173184358
15,10,c1,0.9026524225601423
15,10,s1,0.9139448464697829
16,10,e0,1.0
16,10,c0,1.0
16,10,s0,0.9843536084490514
16,10,e1,1.0
16,10,c1,1.0
16,10,s1,0.9882652063367886
17,10,e0,1.0
17,10,c0,1.0
17,10,s0,1.0
17,10,e1,1.0
17,10,c1,1.0
17,10,s1,1.0
18,10,e0,0.9960095770151636
18,10,c0,1.0
18,10,s0,0.9960884021122629
18,10,e1,0.9960095770151636
18,10,c1,1.0
18,10,s1,0.9960884021122629
19,10,e0,1.0
19,10,c0,1.0
19,10,s0,0.97261881478584
19,10,e1,0.960095770151636
19,10,c1,0.9550022244538477
19,10,s1,0.9647956190103657
20,10,e0,1.0
20,10,c0,1.0
20,10,s0,1.0
20,10,e1,1.0
20,10,c1,1.0
20,10,s1,1.0
21,10,e0,1.0
21,10,c0,1.0
21,10,s0,1.0
21,10,e1,1.0
21,10,c1,1.0
21,10,s1,1.0
22,10,e0,1.0
22,10,c0,1.0
22,10,s0,1.0
22,10,e1,1.0
22,10,c1,1.0
22,10,s1,0.9804420105613143
23,10,e0,1.0
23,10,c0,1.0
23,10,s0,1.0
23,10,e1,1.0
23,10,c1,1.0
23,10,s1,1.0
24,10,e0,0.9201915403032721
24,10,c0,0.9242972204314307
24,10,s0,0.9139448464697829
24,10,e1,1.0
24,10,c1,1.0
24,10,s1,1.0
25,10,e0,0.9760574620909817
25,10,c0,0.9829242536316516
25,10,s0,0.6479561901036573
25,10,e1,0.9920191540303273
25,10,c1,1.0
25,10,s1,0.97261881478584
26,10,e0,1.0
26,10,c0,1.0
26,10,s0,0.9139448464697829
26,10,e1,1.0
26,10,c1,1.0
26,10,s1,1.0
27,10,e0,0.8523543495610535
27,10,c0,0.8879225481664137
27,10,s0,0.7731273225112458
27,10,e1,1.0
27,10,c1,1.0
27,10,s1,1.0
28,10,e0,1.0
28,10,c0,1.0
28,10,s0,1.0
28,10,e1,1.0
28,10,c1,1.0
28,10,s1,1.0
29,10,e0,0.9960095770151636
29,10,c0,1.0
29,10,s0,0.8748288675924115
29,10,e1,0.9561053471667997
29,10,c1,0.9378290670913012
29,10,s1,0.9061216506943086
30,10,e0,1.0
30,10,c0,1.0
30,10,s0,1.0
30,10,e1,1.0
30,10,c1,1.0
30,10,s1,1.0
31,10,e0,1.0
31,10,c0,1.0
31,10,s0,1.0
31,10,e1,0.9361532322426177
31,10,c1,0.9127453092274995
31,10,s1,0.9374144337962057
1,11,e0,0.32561851556264965
1,11,c0,0.16285590193229674
1,11,s0,0.15900645413651476
1,11,e1,0.3216280925778132
1,11,c1,0.13885315376051383
1,11,s1,0.13944846469782907
2,11,e0,0.37350359138068634
2,11,c0,0.08796791234867547
2,11,s0,0.1042440837081948
2,11,e1,0.349561053471668
2,11,c1,0.04694328396084106
2,11,s1,0.13553686681009192
3,11,e0,0.4054269752593775
3,11,c0,0.3049035848996584
3,11,s0,0.15118325836104046
3,11,e1,0.441340782122905
3,11,c1,0.32587807892640724
3,11,s1,0.20985722667709758
4,11,e0,0.4493216280925778
4,11,c0,0.35560696944007625
4,11,s0,0.1746528456874633
4,11,e1,0.46528332003192335
4,11,c1,0.1912123825190607
4,11,s1,0.1707412477997262
5,11,e0,0.7406225059856345
5,11,c0,0.8284573599872708
5,11,s0,0.5619010365734403
5,11,e1,0.9960095770151636
5,11,c1,0.9903067040671704
5,11,s1,0.9491492274594172
6,11,e0,0.9361532322426177
6,11,c0,0.9267606049214006
6,11,s0,0.8748288675924115
6,11,e1,0.9481245011971269
6,11,c1,0.9158056455338542
6,11,s1,0.91785644435752
7,11,e0,0.5291300877893057
7,11,c0,0.42112600689071156
7,11,s0,0.35849794641110894
7,11,e1,0.8403830806065443
7,11,c1,0.7943183066026903
7,11,s1,0.6440445922159203
8,11,e0,0.9680766161213089
8,11,c0,0.9608034210800065
8,11,s0,0.9022100528065715
8,11,e1,0.9042298483639266
8,11,c1,0.9038194902596326
8,11,s1,0.9022100528065715
9,11,e0,0.6967278531524341
9,11,c0,0.7562029700420917
9,11,s0,0.48758067670643457
9,11,e1,1.0
9,11,c1,1.0
9,11,s1,0.9960884021122629
10,11,e0,0.9760574620909817
10,11,c0,0.9732309576988218
10,11,s0,0.9569724232348914
10,11,e1,0.9920191540303273
10,11,c1,0.9903067040671704
10,11,s1,0.9921768042245257
11,11,e0,1.0
11,11,c0,1.0
11,11,s0,0.9608840211226286
11,11,e1,1.0
11,11,c1,1.0
11,11,s1,0.9921768042245257
12,11,e0,0.9960095770151636
12,11,c0,0.9903067040671704
12,11,s0,0.9921768042245257
12,11,e1,1.0
12,11,c1,1.0
12,11,s1,0.9882652063367886
13,11,e0,0.9561053471667997
13,11,c0,0.9764222461913193
13,11,s0,0.8943868570310972
13,11,e1,0.9960095770151636
13,11,c1,0.9903067040671704
13,11,s1,0.9960884021122629
14,11,e0,0.9920191540303273
14,11,c0,0.9903067040671704
14,11,s0,0.9882652063367886
14,11,e1,1.0
14,11,c1,1.0
14,11,s1,1.0
15,11,e0,1.0
15,11,c0,1.0
15,11,s0,1.0
15,11,e1,1.0
15,11,c1,1.0
15,11,s1,1.0
16,11,e0,1.0
16,11,c0,1.0
16,11,s0,1.0
16,11,e1,1.0
16,11,c1,1.0
16,11,s1,1.0
17,11,e0,0.8523543495610535
17,11,c0,0.8215862380870748
17,11,s0,0.7066301584197144
17,11,e1,0.9002394253790902
17,11,c1,0.9216068421600129
17,11,s1,0.8865636612556229
18,11,e0,1.0
18,11,c0,1.0
18,11,s0,1.0
18,11,e1,1.0
18,11,c1,1.0
18,11,s1,1.0
19,11,e0,1.0
19,11,c0,1.0
19,11,s0,1.0
19,11,e1,0.8723064644852354
19,11,c1,0.8173101152121359
19,11,s1,0.8748288675924115
20,11,e0,1.0
20,11,c0,1.0
20,11,s0,1.0
20,11,e1,1.0
20,11,c1,1.0
20,11,s1,1.0
21,11,e0,1.0
21,11,c0,1.0
21,11,s0,1.0
21,11,e1,1.0
21,11,c1,1.0
21,11,s1,1.0
22,11,e0,1.0
22,11,c0,1.0
22,11,s0,1.0
22,11,e1,1.0
22,11,c1,1.0
22,11,s1,0.9960884021122629
23,11,e0,1.0
23,11,c0,1.0
23,11,s0,1.0
23,11,e1,1.0
23,11,c1,1.0
23,11,s1,1.0
24,11,e0,0.8084596967278531
24,11,c0,0.7881976602265137
24,11,s0,0.694895364756503
24,11,e1,1.0
24,11,c1,1.0
24,11,s1,1.0
25,11,e0,1.0
25,11,c0,1.0
25,11,s0,1.0
25,11,e1,1.0
25,11,c1,1.0
25,11,s1,1.0
26,11,e0,1.0
26,11,c0,1.0
26,11,s0,0.9765304126735772
26,11,e1,1.0
26,11,c1,1.0
26,11,s1,0.9882652063367886
27,11,e0,1.0
27,11,c0,1.0
27,11,s0,1.0
27,11,e1,1.0
27,11,c1,1.0
27,11,s1,1.0
28,11,e0,1.0
28,11,c0,1.0
28,11,s0,1.0
28,11,e1,1.0
28,11,c1,1.0
28,11,s1,1.0
29,11,e0,1.0
29,11,c0,1.0
29,11,s0,1.0
29,11,e1,1.0
29,11,c1,1.0
29,11,s1,1.0
30,11,e0,1.0
30,11,c0,1.0
30,11,s0,1.0
30,11,e1,0.9960095770151636
30,11,c1,0.9903067040671704
30,11,s1,0.9960884021122629
31,11,e0,1.0
31,11,c0,1.0
31,11,s0,0.9530608253471543
31,11,e1,1.0
31,11,c1,1.0
31,11,s1,1.0
1,12,e0,0.32561851556264965
1,12,c0,0.2339743148529848
1,12,s0,0.10033248582045765
1,12,e1,0.37350359138068634
1,12,c1,0.014869741569472465
1,12,s1,0.20594562878936043
2,12,e0,0.3894652833200319
2,12,c0,0.1689507901863528
2,12,s0,0.16291805202425189
2,12,e1,0.37350359138068634
2,12,c1,0.16677423594515714
2,12,s1,0.15900645413651476
3,12,e0,0.4134078212290503
3,12,c0,0.21183458792029575
3,12,s0,0.19421083512614903
3,12,e1,0.42936951316839583
3,12,c1,0.07235288190182618
3,12,s1,0.11989047525914336
4,12,e0,0.44533120510774143
4,12,c0,0.1340349216037682
4,12,s0,0.16291805202425189
4,12,e1,0.8204309656823623
4,12,c1,0.7398590498299352
4,12,s1,0.5384314492470175
5,12,e0,0.36951316839584997
5,12,c0,0.02237585128782138
5,12,s0,0.1433600625855662
5,12,e1,0.75658419792498
5,12,c1,0.6758618224998875
5,12,s1,0.554077840797966
6,12,e0,0.42936951316839583
6,12,c0,0.2921575280339512
6,12,s0,0.24506160766673185
6,12,e1,0.9880287310454908
6,12,c1,0.9903067040671704
6,12,s1,0.9217680422452572
7,12,e0,0.4533120510774142
7,12,c0,0.2677760513322759
7,12,s0,0.24506160766673185
7,12,e1,0.7446129289704708
7,12,c1,0.7040443261249371
7,12,s1,0.5892822217876003
8,12,e0,0.5650438946528332
8,12,c0,0.5832024479564517
8,12,s0,0.39761392528848033
8,12,e1,0.9840383080606544
8,12,c1,0.9806134081343407
8,12,s1,0.97261881478584
9,12,e0,0.5690343176376695
9,12,c0,0.5524369471088362
9,12,s0,0.32720516330921184
9,12,e1,0.928172386272945
9,12,c1,0.9414168292143472
9,12,s1,0.9256796401329943
10,12,e0,0.6927374301675978
10,12,c0,0.678630753782672
10,12,s0,0.4523762957168003
10,12,e1,0.9880287310454908
10,12,c1,0.9806134081343407
10,12,s1,0.9882652063367886
11,12,e0,0.9960095770151636
11,12,c0,0.9903067040671704
11,12,s0,0.9804420105613143
11,12,e1,0.9680766161213089
11,12,c1,0.9829242536316516
11,12,s1,0.97261881478584
12,12,e0,0.9481245011971269
12,12,c0,0.9732309576988218
12,12,s0,0.9256796401329943
12,12,e1,1.0
12,12,c1,1.0
12,12,s1,1.0
13,12,e0,0.9680766161213089
13,12,c0,0.9658485072633031
13,12,s0,0.9647956190103657
13,12,e1,0.9960095770151636
13,12,c1,0.9903067040671704
13,12,s1,0.9843536084490514
14,12,e0,1.0
14,12,c0,1.0
14,12,s0,0.9647956190103657
14,12,e1,1.0
14,12,c1,1.0
14,12,s1,1.0
15,12,e0,1.0
15,12,c0,1.0
15,12,s0,0.9843536084490514
15,12,e1,1.0
15,12,c1,1.0
15,12,s1,1.0
16,12,e0,1.0
16,12,c0,1.0
16,12,s0,1.0
16,12,e1,0.9920191540303273
16,12,c1,0.9903067040671704
16,12,s1,0.9921768042245257
17,12,e0,1.0
17,12,c0,1.0
17,12,s0,1.0
17,12,e1,1.0
17,12,c1,1.0
17,12,s1,1.0
18,12,e0,1.0
18,12,c0,1.0
18,12,s0,0.9843536084490514
18,12,e1,1.0
18,12,c1,1.0
18,12,s1,1.0
19,12,e0,0.8523543495610535
19,12,c0,1.0
19,12,s0,0.6831605710932916
19,12,e1,0.9960095770151636
19,12,c1,1.0
19,12,s1,0.9960884021122629
20,12,e0,1.0
20,12,c0,1.0
20,12,s0,1.0
20,12,e1,1.0
20,12,c1,1.0
20,12,s1,1.0
21,12,e0,1.0
21,12,c0,1.0
21,12,s0,1.0
21,12,e1,1.0
21,12,c1,1.0
21,12,s1,1.0
22,12,e0,1.0
22,12,c0,1.0
22,12,s0,1.0
22,12,e1,1.0
22,12,c1,1.0
22,12,s1,1.0
23,12,e0,1.0
23,12,c0,1.0
23,12,s0,0.9882652063367886
23,12,e1,0.9800478850758181
23,12,c1,0.9829242536316516
23,12,s1,0.9804420105613143
24,12,e0,0.9960095770151636
24,12,c0,1.0
24,12,s0,1.0
24,12,e1,0.960095770151636
24,12,c1,0.9704967170128361
24,12,s1,0.9608840211226286
25,12,e0,1.0
25,12,c0,1.0
25,12,s0,1.0
25,12,e1,1.0
25,12,c1,1.0
25,12,s1,1.0
26,12,e0,0.9840383080606544
26,12,c0,0.9903067040671704
26,12,s0,0.8709172697046743
26,12,e1,1.0
26,12,c1,1.0
26,12,s1,1.0
27,12,e0,1.0
27,12,c0,1.0
27,12,s0,0.9843536084490514
27,12,e1,0.9880287310454908
27,12,c1,0.9764222461913193
27,12,s1,0.9608840211226286
28,12,e0,0.9002394253790902
28,12,c0,0.647720948960158
28,12,s0,0.8318012908273029
28,12,e1,0.9481245011971269
28,12,c1,0.6243310229613693
28,12,s1,0.9022100528065715
29,12,e0,1.0
29,12,c0,1.0
29,12,s0,1.0
29,12,e1,1.0
29,12,c1,1.0
29,12,s1,1.0
30,12,e0,1.0
30,12,c0,1.0
30,12,s0,1.0
30,12,e1,1.0
30,12,c1,1.0
30,12,s1,1.0
31,12,e0,0.9760574620909817
31,12,c0,1.0
31,12,s0,0.8122433013886172
31,12,e1,1.0
31,12,c1,1.0
31,12,s1,1.0
1,13,e0,0.34557063048683156
1,13,c0,0.12159220016502369
1,13,s0,0.13162526892235477
1,13,e1,0.36153232242617717
1,13,c1,0.13718354541223401
1,13,s1,0.12771367103461764
2,13,e0,0.40941739824421386
2,13,c0,0.1546334784326485
2,13,s0,0.15118325836104046
2,13,e1,0.38148443735035914
2,13,c1,0.19373757240756825
2,13,s1,0.1746528456874633
3,13,e0,0.4134078212290503
3,13,c0,0.1104053834203242
3,13,s0,0.21768042245257185
3,13,e1,0.41739824421388666
3,13,c1,0.206150524694462
3,13,s1,0.13162526892235477
4,13,e0,0.4333599361532322
4,13,c0,0.35840354086179516
4,13,s0,0.17856444357520046
4,13,e1,0.4333599361532322
4,13,c1,0.1623443165516103
4,13,s1,0.1550948562487776
5,13,e0,0.41739824421388666
5,13,c0,0.306009371731715
5,13,s0,0.19421083512614903
5,13,e1,0.4932162809257781
5,13,c1,0.4314823190838338
5,13,s1,0.3350283590846861
6,13,e0,0.6049481245011972
6,13,c0,0.6235161077569685
6,13,s0,0.3428515548601604
6,13,e1,0.9002394253790902
6,13,c1,0.8780394994689126
6,13,s1,0.8005085077254058
7,13,e0,0.5291300877893057
7,13,c0,0.3805095385684339
7,13,s0,0.3545863485233718
7,13,e1,0.9441340782122905
7,13,c1,0.9155017111534443
7,13,s1,0.9295912380207315
8,13,e0,1.0
8,13,c0,1.0
8,13,s0,0.9804420105613143
8,13,e1,0.9920191540303273
8,13,c1,1.0
8,13,s1,0.9882652063367886
9,13,e0,0.9401436552274541
9,13,c0,0.9764222461913193
9,13,s0,0.8982984549188343
9,13,e1,0.9960095770151636
9,13,c1,0.9903067040671704
9,13,s1,0.9530608253471543
10,13,e0,0.9800478850758181
10,13,c0,0.9764222461913193
10,13,s0,0.9804420105613143
10,13,e1,1.0
10,13,c1,1.0
10,13,s1,0.9921768042245257
11,13,e0,1.0
11,13,c0,1.0
11,13,s0,0.97261881478584
11,13,e1,0.9760574620909817
11,13,c1,0.9608034210800065
11,13,s1,0.9335028359084686
12,13,e0,0.9840383080606544
12,13,c0,0.9806134081343407
12,13,s0,0.8435360844905144
12,13,e1,1.0
12,13,c1,1.0
12,13,s1,0.9921768042245257
13,13,e0,0.6169193934557063
13,13,c0,0.5121648083276209
13,13,s0,0.4289067083903775
13,13,e1,0.8324022346368715
13,13,c1,0.9143487242768187
13,13,s1,0.8239780950518287
14,13,e0,1.0
14,13,c0,1.0
14,13,s0,1.0
14,13,e1,0.9880287310454908
14,13,c1,0.9829242536316516
14,13,s1,0.9882652063367886
15,13,e0,1.0
15,13,c0,1.0
15,13,s0,1.0
15,13,e1,1.0
15,13,c1,1.0
15,13,s1,1.0
16,13,e0,0.9002394253790902
16,13,c0,0.902832427191443
16,13,s0,0.8200664971640915
16,13,e1,1.0
16,13,c1,1.0
16,13,s1,1.0
17,13,e0,1.0
17,13,c0,1.0
17,13,s0,1.0
17,13,e1,0.9920191540303273
17,13,c1,0.9903067040671704
17,13,s1,0.9921768042245257
18,13,e0,0.8802873104549083
18,13,c0,0.9035849014890006
18,13,s0,0.690983766868766
18,13,e1,1.0
18,13,c1,1.0
18,13,s1,0.9921768042245257
19,13,e0,0.9960095770151636
19,13,c0,1.0
19,13,s0,0.9960884021122629
19,13,e1,1.0
19,13,c1,1.0
19,13,s1,0.9882652063367886
20,13,e0,0.9960095770151636
20,13,c0,0.9903067040671704
20,13,s0,0.9960884021122629
20,13,e1,1.0
20,13,c1,1.0
20,13,s1,1.0
21,13,e0,1.0
21,13,c0,1.0
21,13,s0,0.9843536084490514
21,13,e1,1.0
21,13,c1,1.0
21,13,s1,1.0
22,13,e0,0.9920191540303273
22,13,c0,1.0
22,13,s0,0.9921768042245257
22,13,e1,1.0
22,13,c1,1.0
22,13,s1,1.0
23,13,e0,1.0
23,13,c0,1.0
23,13,s0,0.9647956190103657
23,13,e1,1.0
23,13,c1,1.0
23,13,s1,1.0
24,13,e0,1.0
24,13,c0,1.0
24,13,s0,1.0
24,13,e1,1.0
24,13,c1,1.0
24,13,s1,1.0
25,13,e0,1.0
25,13,c0,1.0
25,13,s0,1.0
25,13,e1,1.0
25,13,c1,1.0
25,13,s1,1.0
26,13,e0,1.0
26,13,c0,1.0
26,13,s0,0.9960884021122629
26,13,e1,1.0
26,13,c1,1.0
26,13,s1,1.0
27,13,e0,1.0
27,13,c0,1.0
27,13,s0,1.0
27,13,e1,1.0
27,13,c1,1.0
27,13,s1,1.0
28,13,e0,1.0
28,13,c0,1.0
28,13,s0,1.0
28,13,e1,1.0
28,13,c1,1.0
28,13,s1,1.0
29,13,e0,1.0
29,13,c0,1.0
29,13,s0,1.0
29,13,e1,1.0
29,13,c1,1.0
29,13,s1,1.0
30,13,e0,0.9361532322426177
30,13,c0,1.0
30,13,s0,0.9335028359084686
30,13,e1,1.0
30,13,c1,1.0
30,13,s1,1.0
31,13,e0,1.0
31,13,c0,1.0
31,13,s0,1.0
31,13,e1,1.0
31,13,c1,1.0
31,13,s1,1.0
1,14,e0,0.22585794094173983
1,14,c0,0.2649952072787564
1,14,s0,0.21768042245257185
1,14,e1,0.40941739824421386
1,14,c1,0.30343426884561514
1,14,s1,0.19029923723841188
2,14,e0,0.349561053471668
2,14,c0,0.1400552077269812
2,14,s0,0.15118325836104046
2,14,e1,0.3974461292897047
2,14,c1,0.10501730950928062
2,14,s1,0.17856444357520046
3,14,e0,0.4333599361532322
3,14,c0,0.31200973339841903
3,14,s0,0.17856444357520046
3,14,e1,0.3894652833200319
3,14,c1,0.21290220378112887
3,14,s1,0.16291805202425189
4,14,e0,0.41739824421388666
4,14,c0,0.0866944913195488
4,14,s0,0.12771367103461764
4,14,e1,0.461292897047087
4,14,c1,0.5000992648612846
4,14,s1,0.2411500097789947
5,14,e0,0.4852354349561053
5,14,c0,0.0369001928785309
5,14,s0,0.10815568159593193
5,14,e1,0.5091779728651237
5,14,c1,0.4985725280255138
5,14,s1,0.32720516330921184
6,14,e0,0.704708699122107
6,14,c0,0.5146063035983008
6,14,s0,0.35849794641110894
6,14,e1,0.5650438946528332
6,14,c1,0.5100736474555558
6,14,s1,0.3819675337375318
7,14,e0,0.9800478850758181
7,14,c0,0.9667289502584897
7,14,s0,0.9687072168981029
7,14,e1,0.9840383080606544
7,14,c1,0.9829242536316516
7,14,s1,0.9882652063367886
8,14,e0,0.4533120510774142
8,14,c0,0.16506315971014804
8,14,s0,0.1707412477997262
8,14,e1,0.9401436552274541
8,14,c1,0.9829242536316516
8,14,s1,0.9022100528065715
9,14,e0,0.9800478850758181
9,14,c0,0.9829242536316516
9,14,s0,0.9374144337962057
9,14,e1,1.0
9,14,c1,1.0
9,14,s1,0.9804420105613143
10,14,e0,0.6967278531524341
10,14,c0,0.7290865251696635
10,14,s0,0.38587913162526893
10,14,e1,1.0
10,14,c1,1.0
10,14,s1,0.9804420105613143
11,14,e0,0.5889864325618516
11,14,c0,0.5077591036593442
11,14,s0,0.32720516330921184
11,14,e1,1.0
11,14,c1,1.0
11,14,s1,0.9960884021122629
12,14,e0,0.9920191540303273
12,14,c0,1.0
12,14,s0,0.9921768042245257
12,14,e1,1.0
12,14,c1,1.0
12,14,s1,1.0
13,14,e0,0.9640861931364725
13,14,c0,0.9503985196151451
13,14,s0,0.8670056718169372
13,14,e1,1.0
13,14,c1,1.0
13,14,s1,0.9569724232348914
14,14,e0,1.0
14,14,c0,1.0
14,14,s0,0.9960884021122629
14,14,e1,1.0
14,14,c1,1.0
14,14,s1,1.0
15,14,e0,0.7086991221069433
15,14,c0,0.6755776051987306
15,14,s0,0.6049286133385489
15,14,e1,1.0
15,14,c1,1.0
15,14,s1,1.0
16,14,e0,0.9680766161213089
16,14,c0,0.9732309576988218
16,14,s0,0.9530608253471543
16,14,e1,1.0
16,14,c1,1.0
16,14,s1,1.0
17,14,e0,1.0
17,14,c0,1.0
17,14,s0,0.91785644435752
17,14,e1,0.9960095770151636
17,14,c1,1.0
17,14,s1,0.9960884021122629
18,14,e0,0.5610534716679968
18,14,c0,0.5266330821756882
18,14,s0,0.29982397809505185
18,14,e1,1.0
18,14,c1,1.0
18,14,s1,1.0
19,14,e0,0.9361532322426177
19,14,c0,0.9161134852473184
19,14,s0,0.9374144337962057
19,14,e1,0.9960095770151636
19,14,c1,0.9903067040671704
19,14,s1,0.9960884021122629
20,14,e0,1.0
20,14,c0,1.0
20,14,s0,0.9882652063367886
20,14,e1,0.9960095770151636
20,14,c1,1.0
20,14,s1,0.9960884021122629
21,14,e0,1.0
21,14,c0,1.0
21,14,s0,1.0
21,14,e1,1.0
21,14,c1,1.0
21,14,s1,0.9960884021122629
22,14,e0,0.9960095770151636
22,14,c0,1.0
22,14,s0,0.9647956190103657
22,14,e1,1.0
22,14,c1,1.0
22,14,s1,1.0
23,14,e0,0.9880287310454908
23,14,c0,1.0
23,14,s0,0.7926853119499315
23,14,e1,1.0
23,14,c1,1.0
23,14,s1,1.0
24,14,e0,1.0
24,14,c0,1.0
24,14,s0,1.0
24,14,e1,1.0
24,14,c1,1.0
24,14,s1,1.0
25,14,e0,1.0
25,14,c0,1.0
25,14,s0,1.0
25,14,e1,1.0
25,14,c1,1.0
25,14,s1,1.0
26,14,e0,0.9880287310454908
26,14,c0,1.0
26,14,s0,0.9687072168981029
26,14,e1,1.0
26,14,c1,1.0
26,14,s1,1.0
27,14,e0,1.0
27,14,c0,1.0
27,14,s0,1.0
27,14,e1,1.0
27,14,c1,1.0
27,14,s1,0.9491492274594172
28,14,e0,0.8324022346368715
28,14,c0,0.8035037745883261
28,14,s0,0.6323097985527087
28,14,e1,1.0
28,14,c1,1.0
28,14,s1,1.0
29,14,e0,1.0
29,14,c0,1.0
29,14,s0,1.0
29,14,e1,1.0
29,14,c1,1.0
29,14,s1,1.0
30,14,e0,1.0
30,14,c0,1.0
30,14,s0,1.0
30,14,e1,1.0
30,14,c1,1.0
30,14,s1,0.9765304126735772
31,14,e0,0.8443735035913806
31,14,c0,0.9200640524706476
31,14,s0,0.8709172697046743
31,14,e1,1.0
31,14,c1,1.0
31,14,s1,1.0
1,15,e0,0.36951316839584997
1,15,c0,0.019788319533735218
1,15,s0,0.16682964991198904
1,15,e1,0.42936951316839583
1,15,c1,0.2240453570471183
1,15,s1,0.15900645413651476
2,15,e0,0.4533120510774142
2,15,c0,0.013284464533556401
2,15,s0,0.15118325836104046
2,15,e1,0.36552274541101354
2,15,c1,0.0946673901394037
2,15,s1,0.1433600625855662
3,15,e0,0.329608938547486
3,15,c0,0.25572982208768924
3,15,s0,0.16291805202425189
3,15,e1,0.3774940143655227
3,15,c1,0.06720776634334105
3,15,s1,0.08859769215724622
4,15,e0,0.38148443735035914
4,15,c0,0.17396970597570505
4,15,s0,0.13162526892235477
4,15,e1,0.441340782122905
4,15,c1,0.19159141858211953
4,15,s1,0.14727166047330334
5,15,e0,0.47326416600159615
5,15,c0,0.24196166746056103
5,15,s0,0.1746528456874633
5,15,e1,0.9082202713487629
5,15,c1,0.8534726941497739
5,15,s1,0.8357128887150401
6,15,e0,0.8124501197126895
6,15,c0,0.7093987931043936
6,15,s0,0.581459026012126
6,15,e1,0.9880287310454908
6,15,c1,0.9903067040671704
6,15,s1,0.9843536084490514
7,15,e0,0.553072625698324
7,15,c0,0.6742166419322273
7,15,s0,0.29200078231957755
7,15,e1,0.8922585794094174
7,15,c1,0.9109673519245194
7,15,s1,0.8396244866027772
8,15,e0,0.704708699122107
8,15,c0,0.6561316186197647
8,15,s0,0.471934285155486
8,15,e1,0.9441340782122905
8,15,c1,0.9561552113304734
8,15,s1,0.8982984549188343
9,15,e0,0.9840383080606544
9,15,c0,0.9658485072633031
9,15,s0,0.9022100528065715
9,15,e1,0.9880287310454908
9,15,c1,0.9732309576988218
9,15,s1,0.9882652063367886
10,15,e0,0.9561053471667997
10,15,c0,0.9171274698736347
10,15,s0,0.8670056718169372
10,15,e1,1.0
10,15,c1,1.0
10,15,s1,1.0
11,15,e0,1.0
11,15,c0,1.0
11,15,s0,0.9921768042245257
11,15,e1,0.9920191540303273
11,15,c1,1.0
11,15,s1,0.97261881478584
12,15,e0,1.0
12,15,c0,1.0
12,15,s0,0.9960884021122629
12,15,e1,1.0
12,15,c1,1.0
12,15,s1,1.0
13,15,e0,0.5091779728651237
13,15,c0,0.5467822370825807
13,15,s0,0.22550361822804615
13,15,e1,1.0
13,15,c1,1.0
13,15,s1,1.0
14,15,e0,1.0
14,15,c0,1.0
14,15,s0,1.0
14,15,e1,1.0
14,15,c1,1.0
14,15,s1,1.0
15,15,e0,1.0
15,15,c0,1.0
15,15,s0,0.9882652063367886
15,15,e1,1.0
15,15,c1,1.0
15,15,s1,0.9960884021122629
16,15,e0,1.0
16,15,c0,1.0
16,15,s0,1.0
16,15,e1,0.9960095770151636
16,15,c1,0.9903067040671704
16,15,s1,0.9960884021122629
17,15,e0,0.9680766161213089
17,15,c0,0.9650033601001418
17,15,s0,0.8787404654801486
17,15,e1,0.9960095770151636
17,15,c1,1.0
17,15,s1,0.9960884021122629
18,15,e0,1.0
18,15,c0,1.0
18,15,s0,1.0
18,15,e1,1.0
18,15,c1,1.0
18,15,s1,1.0
19,15,e0,0.8962490023942538
19,15,c0,0.9453089285210181
19,15,s0,0.7105417563074516
19,15,e1,1.0
19,15,c1,1.0
19,15,s1,1.0
20,15,e0,0.8962490023942538
20,15,c0,0.8907090941407874
20,15,s0,0.8474476823782515
20,15,e1,1.0
20,15,c1,1.0
20,15,s1,1.0
21,15,e0,1.0
21,15,c0,1.0
21,15,s0,0.9491492274594172
21,15,e1,1.0
21,15,c1,1.0
21,15,s1,1.0
22,15,e0,1.0
22,15,c0,1.0
22,15,s0,1.0
22,15,e1,1.0
22,15,c1,1.0
22,15,s1,1.0
23,15,e0,0.960095770151636
23,15,c0,0.9608034210800065
23,15,s0,0.9295912380207315
23,15,e1,0.9760574620909817
23,15,c1,0.9829242536316516
23,15,s1,0.9843536084490514
24,15,e0,1.0
24,15,c0,1.0
24,15,s0,1.0
24,15,e1,1.0
24,15,c1,1.0
24,15,s1,0.9882652063367886
25,15,e0,1.0
25,15,c0,1.0
25,15,s0,1.0
25,15,e1,1.0
25,15,c1,1.0
25,15,s1,1.0
26,15,e0,1.0
26,15,c0,1.0
26,15,s0,0.9765304126735772
26,15,e1,1.0
26,15,c1,1.0
26,15,s1,1.0
27,15,e0,1.0
27,15,c0,1.0
27,15,s0,1.0
27,15,e1,1.0
27,15,c1,1.0
27,15,s1,1.0
28,15,e0,0.9162011173184358
28,15,c0,0.9168968628976535
28,15,s0,0.7848621161744572
28,15,e1,1.0
28,15,c1,1.0
28,15,s1,1.0
29,15,e0,1.0
29,15,c0,1.0
29,15,s0,1.0
29,15,e1,1.0
29,15,c1,1.0
29,15,s1,1.0
30,15,e0,1.0
30,15,c0,1.0
30,15,s0,0.9921768042245257
30,15,e1,1.0
30,15,c1,1.0
30,15,s1,1.0
31,15,e0,1.0
31,15,c0,1.0
31,15,s0,1.0
31,15,e1,1.0
31,15,c1,1.0
31,15,s1,1.0
1,16,e0,0.3335993615323224
1,16,c0,0.10163505797639995
1,16,s0,0.12771367103461764
1,16,e1,0.34557063048683156
1,16,c1,0.12852239388377298
1,16,s1,0.14727166047330334
2,16,e0,0.3136472466081405
2,16,c0,0.04209921044242546
2,16,s0,0.16682964991198904
2,16,e1,0.3934557063048683
2,16,c1,0.16734579707602812
2,16,s1,0.1746528456874633
3,16,e0,0.4692737430167598
3,16,c0,0.38111898060745436
3,16,s0,0.1746528456874633
3,16,e1,0.4134078212290503
3,16,c1,0.3092116889266437
3,16,s1,0.15900645413651476
4,16,e0,0.47326416600159615
4,16,c0,0.21346770414910204
4,16,s0,0.16682964991198904
4,16,e1,0.4533120510774142
4,16,c1,0.2117155518940407
4,16,s1,0.11206727948366907
5,16,e0,0.36153232242617717
5,16,c0,0.1821463208082323
5,16,s0,0.13162526892235477
5,16,e1,0.9241819632881085
5,16,c1,0.9399599079573114
5,16,s1,0.7965969098376687
6,16,e0,0.4972067039106145
6,16,c0,0.4371764642854713
6,16,s0,0.19421083512614903
6,16,e1,0.6129289704708699
6,16,c1,0.5618446999601394
6,16,s1,0.4210835126149032
7,16,e0,0.8643256185155627
7,16,c0,0.9109179487989056
7,16,s0,0.6479561901036573
7,16,e1,0.8483639265762171
7,16,c1,0.929843216835807
7,16,s1,0.7457461372970858
8,16,e0,0.6488427773343974
8,16,c0,0.7611557729214727
8,16,s0,0.4093487189516918
8,16,e1,0.9680766161213089
8,16,c1,0.9550022244538477
8,16,s1,0.9765304126735772
9,16,e0,1.0
9,16,c0,1.0
9,16,s0,1.0
9,16,e1,0.9720670391061452
9,16,c1,0.9829242536316516
9,16,s1,0.97261881478584
10,16,e0,0.7486033519553073
10,16,c0,0.8099708339486764
10,16,s0,0.499315470369646
10,16,e1,0.9920191540303273
10,16,c1,0.9829242536316516
10,16,s1,0.9687072168981029
11,16,e0,0.960095770151636
11,16,c0,0.9437276747116579
11,16,s0,0.9413260316839429
11,16,e1,0.9920191540303273
11,16,c1,0.9903067040671704
11,16,s1,0.9921768042245257
12,16,e0,0.960095770151636
12,16,c0,0.9667289502584897
12,16,s0,0.9608840211226286
12,16,e1,0.9920191540303273
12,16,c1,0.9903067040671704
12,16,s1,0.9843536084490514
13,16,e0,0.8603351955307262
13,16,c0,0.6487056955187265
13,16,s0,0.8083317035008801
13,16,e1,1.0
13,16,c1,1.0
13,16,s1,1.0
14,16,e0,0.9840383080606544
14,16,c0,0.9829242536316516
14,16,s0,0.8122433013886172
14,16,e1,0.9960095770151636
14,16,c1,0.9903067040671704
14,16,s1,0.9921768042245257
15,16,e0,1.0
15,16,c0,1.0
15,16,s0,1.0
15,16,e1,1.0
15,16,c1,1.0
15,16,s1,1.0
16,16,e0,1.0
16,16,c0,1.0
16,16,s0,1.0
16,16,e1,0.9680766161213089
16,16,c1,0.9667289502584897
16,16,s1,0.9256796401329943
17,16,e0,0.9840383080606544
17,16,c0,0.9704967170128361
17,16,s0,0.9374144337962057
17,16,e1,1.0
17,16,c1,1.0
17,16,s1,0.9921768042245257
18,16,e0,1.0
18,16,c0,1.0
18,16,s0,1.0
18,16,e1,0.9640861931364725
18,16,c1,0.9829242536316516
18,16,s1,0.9217680422452572
19,16,e0,1.0
19,16,c0,1.0
19,16,s0,1.0
19,16,e1,0.9960095770151636
19,16,c1,0.9903067040671704
19,16,s1,0.9960884021122629
20,16,e0,1.0
20,16,c0,1.0
20,16,s0,1.0
20,16,e1,1.0
20,16,c1,1.0
20,16,s1,1.0
21,16,e0,1.0
21,16,c0,1.0
21,16,s0,1.0
21,16,e1,1.0
21,16,c1,1.0
21,16,s1,1.0
22,16,e0,1.0
22,16,c0,1.0
22,16,s0,0.9960884021122629
22,16,e1,1.0
22,16,c1,1.0
22,16,s1,1.0
23,16,e0,1.0
23,16,c0,1.0
23,16,s0,1.0
23,16,e1,0.9880287310454908
23,16,c1,0.9764222461913193
23,16,s1,0.9804420105613143
24,16,e0,1.0
24,16,c0,1.0
24,16,s0,1.0
24,16,e1,1.0
24,16,c1,1.0
24,16,s1,1.0
25,16,e0,1.0
25,16,c0,1.0
25,16,s0,1.0
25,16,e1,0.9800478850758181
25,16,c1,0.9704967170128361
25,16,s1,0.9804420105613143
26,16,e0,1.0
26,16,c0,1.0
26,16,s0,1.0
26,16,e1,1.0
26,16,c1,1.0
26,16,s1,0.9843536084490514
27,16,e0,1.0
27,16,c0,1.0
27,16,s0,0.9921768042245257
27,16,e1,1.0
27,16,c1,1.0
27,16,s1,1.0
28,16,e0,1.0
28,16,c0,1.0
28,16,s0,0.9569724232348914
28,16,e1,1.0
28,16,c1,1.0
28,16,s1,1.0
29,16,e0,0.9920191540303273
29,16,c0,0.9903067040671704
29,16,s0,0.9413260316839429
29,16,e1,1.0
29,16,c1,1.0
29,16,s1,1.0
30,16,e0,1.0
30,16,c0,1.0
30,16,s0,1.0
30,16,e1,1.0
30,16,c1,1.0
30,16,s1,1.0
31,16,e0,0.7805267358339985
31,16,c0,0.821706053582848
31,16,s0,0.6557793858791316
31,16,e1,1.0
31,16,c1,1.0
31,16,s1,1.0
1,17,e0,0.3375897845171588
1,17,c0,0.12335911317461387
1,17,s0,0.19812243301388616
1,17,e1,0.3774940143655227
1,17,c1,0.19109969396501886
1,17,s1,0.13944846469782907
2,17,e0,0.40941739824421386
2,17,c0,0.27947391396145427
2,17,s0,0.14727166047330334
2,17,e1,0.3774940143655227
2,17,c1,0.18213995979435862
2,17,s1,0.15900645413651476
3,17,e0,0.4014365522745411
3,17,c0,0.1500555443685934
3,17,s0,0.1433600625855662
3,17,e1,0.329608938547486
3,17,c1,0.22970836926892207
3,17,s1,0.1159788773714062
4,17,e0,0.43735035913806863
4,17,c0,0.08022044704822184
4,17,s0,0.10033248582045765
4,17,e1,0.461292897047087
4,17,c1,0.2504842413029413
4,17,s1,0.19029923723841188
5,17,e0,0.44533120510774143
5,17,c0,0.11567552025118297
5,17,s0,0.23332681400352043
5,17,e1,0.42936951316839583
5,17,c1,0.2170793604429542
5,17,s1,0.17856444357520046
6,17,e0,0.6169193934557063
6,17,c0,0.6171350824937695
6,17,s0,0.36632114218658324
6,17,e1,1.0
6,17,c1,1.0
6,17,s1,0.9921768042245257
7,17,e0,0.6209098164405427
7,17,c0,0.6254982192827606
7,17,s0,0.39761392528848033
7,17,e1,0.9720670391061452
7,17,c1,0.9469189632041554
7,17,s1,0.9608840211226286
8,17,e0,0.9720670391061452
8,17,c0,0.9704967170128361
8,17,s0,0.8943868570310972
8,17,e1,0.9521149241819633
8,17,c1,0.9829242536316516
8,17,s1,0.9413260316839429
9,17,e0,0.9680766161213089
9,17,c0,0.9806134081343407
9,17,s0,0.9687072168981029
9,17,e1,0.8922585794094174
9,17,c1,0.9095104306674838
9,17,s1,0.8435360844905144
10,17,e0,0.9720670391061452
10,17,c0,0.9553100641673121
10,17,s0,0.9569724232348914
10,17,e1,0.9920191540303273
10,17,c1,0.9903067040671704
10,17,s1,0.9804420105613143
11,17,e0,0.7964884277733439
11,17,c0,0.8749208599972708
11,17,s0,0.636221396440446
11,17,e1,1.0
11,17,c1,1.0
11,17,s1,0.9921768042245257
12,17,e0,1.0
12,17,c0,1.0
12,17,s0,0.9687072168981029
12,17,e1,0.9920191540303273
12,17,c1,0.9903067040671704
12,17,s1,0.9569724232348914
13,17,e0,0.5450917797286512
13,17,c0,0.2694615998631995
13,17,s0,0.2567964013299433
13,17,e1,1.0
13,17,c1,1.0
13,17,s1,1.0
14,17,e0,1.0
14,17,c0,1.0
14,17,s0,0.9960884021122629
14,17,e1,1.0
14,17,c1,1.0
14,17,s1,0.9921768042245257
15,17,e0,0.8643256185155627
15,17,c0,0.9534209706444875
15,17,s0,0.7027185605319773
15,17,e1,1.0
15,17,c1,1.0
15,17,s1,1.0
16,17,e0,1.0
16,17,c0,1.0
16,17,s0,1.0
16,17,e1,0.9880287310454908
16,17,c1,0.9806134081343407
16,17,s1,0.9882652063367886
17,17,e0,0.8004788507581804
17,17,c0,0.911060024790123
17,17,s0,0.7066301584197144
17,17,e1,1.0
17,17,c1,1.0
17,17,s1,1.0
18,17,e0,1.0
18,17,c0,1.0
18,17,s0,1.0
18,17,e1,1.0
18,17,c1,1.0
18,17,s1,0.9804420105613143
19,17,e0,1.0
19,17,c0,1.0
19,17,s0,1.0
19,17,e1,1.0
19,17,c1,1.0
19,17,s1,0.9921768042245257
20,17,e0,1.0
20,17,c0,1.0
20,17,s0,1.0
20,17,e1,1.0
20,17,c1,1.0
20,17,s1,1.0
21,17,e0,0.9840383080606544
21,17,c0,0.9806134081343407
21,17,s0,0.9765304126735772
21,17,e1,1.0
21,17,c1,1.0
21,17,s1,1.0
22,17,e0,1.0
22,17,c0,1.0
22,17,s0,0.9960884021122629
22,17,e1,1.0
22,17,c1,1.0
22,17,s1,1.0
23,17,e0,1.0
23,17,c0,1.0
23,17,s0,1.0
23,17,e1,1.0
23,17,c1,1.0
23,17,s1,1.0
24,17,e0,0.9800478850758181
24,17,c0,0.9732309576988218
24,17,s0,0.9608840211226286
24,17,e1,0.9960095770151636
24,17,c1,0.9903067040671704
24,17,s1,0.8943868570310972
25,17,e0,1.0
25,17,c0,1.0
25,17,s0,1.0
25,17,e1,1.0
25,17,c1,1.0
25,17,s1,1.0
26,17,e0,1.0
26,17,c0,1.0
26,17,s0,1.0
26,17,e1,1.0
26,17,c1,1.0
26,17,s1,1.0
27,17,e0,0.6727853152434158
27,17,c0,0.6562182573249556
27,17,s0,0.6988069626442401
27,17,e1,1.0
27,17,c1,1.0
27,17,s1,1.0
28,17,e0,1.0
28,17,c0,1.0
28,17,s0,0.9882652063367886
28,17,e1,1.0
28,17,c1,1.0
28,17,s1,1.0
29,17,e0,1.0
29,17,c0,1.0
29,17,s0,0.9413260316839429
29,17,e1,1.0
29,17,c1,1.0
29,17,s1,1.0
30,17,e0,1.0
30,17,c0,1.0
30,17,s0,0.9217680422452572
30,17,e1,0.9960095770151636
30,17,c1,0.9903067040671704
30,17,s1,0.9921768042245257
31,17,e0,1.0
31,17,c0,1.0
31,17,s0,0.9921768042245257
31,17,e1,1.0
31,17,c1,1.0
31,17,s1,1.0
1,18,e0,0.35355147645650437
1,18,c0,0.14050685115580988
1,18,s0,0.15900645413651476
1,18,e1,0.29768555466879487
1,18,c1,-0.00011187041872509466
1,18,s1,0.10033248582045765
2,18,e0,0.4533120510774142
2,18,c0,0.20023533712286165
2,18,s0,0.16682964991198904
2,18,e1,0.36552274541101354
2,18,c1,0.24717010963272038
2,18,s1,0.11206727948366907
3,18,e0,0.40941739824421386
3,18,c0,0.05607595471190627
3,18,s0,0.10815568159593193
3,18,e1,0.3934557063048683
3,18,c1,0.1599108447380813
3,18,s1,0.12380207314688049
4,18,e0,0.47326416600159615
4,18,c0,0.2931571693329632
4,18,s0,0.18638763935067473
4,18,e1,0.5011971268954509
4,18,c1,0.5261378797398758
4,18,s1,0.19421083512614903
5,18,e0,0.4692737430167598
5,18,c0,0.31094473011332946
5,18,s0,0.22550361822804615
5,18,e1,0.9720670391061452
5,18,c1,0.9479276137317931
5,18,s1,0.9569724232348914
6,18,e0,0.8523543495610535
6,18,c0,0.709272519255847
6,18,s0,0.8161548992763544
6,18,e1,0.9481245011971269
6,18,c1,0.9409934340256721
6,18,s1,0.8709172697046743
7,18,e0,0.9920191540303273
7,18,c0,0.9903067040671704
7,18,s0,0.9647956190103657
7,18,e1,0.8443735035913806
7,18,c1,0.7902742509831495
7,18,s1,0.8278896929395658
8,18,e0,0.9720670391061452
8,18,c0,0.9903067040671704
8,18,s0,0.8982984549188343
8,18,e1,0.8204309656823623
8,18,c1,0.8191055825154404
8,18,s1,0.8005085077254058
9,18,e0,1.0
9,18,c0,1.0
9,18,s0,0.9843536084490514
9,18,e1,1.0
9,18,c1,1.0
9,18,s1,1.0
10,18,e0,1.0
10,18,c0,1.0
10,18,s0,0.9491492274594172
10,18,e1,1.0
10,18,c1,1.0
10,18,s1,0.9960884021122629
11,18,e0,0.9361532322426177
11,18,c0,0.9382343177989635
11,18,s0,0.6753373753178173
11,18,e1,1.0
11,18,c1,1.0
11,18,s1,0.9882652063367886
12,18,e0,1.0
12,18,c0,1.0
12,18,s0,1.0
12,18,e1,0.9800478850758181
12,18,c1,0.9732309576988218
12,18,s1,0.9335028359084686
13,18,e0,0.9840383080606544
13,18,c0,0.9903067040671704
13,18,s0,0.97261881478584
13,18,e1,0.9800478850758181
13,18,c1,0.9667289502584897
13,18,s1,0.9765304126735772
14,18,e0,1.0
14,18,c0,1.0
14,18,s0,1.0
14,18,e1,0.9920191540303273
14,18,c1,1.0
14,18,s1,0.9843536084490514
15,18,e0,1.0
15,18,c0,1.0
15,18,s0,1.0
15,18,e1,0.9002394253790902
15,18,c1,0.8573317257597352
15,18,s1,0.8552708781537258
16,18,e0,1.0
16,18,c0,1.0
16,18,s0,1.0
16,18,e1,1.0
16,18,c1,1.0
16,18,s1,1.0
17,18,e0,1.0
17,18,c0,1.0
17,18,s0,1.0
17,18,e1,0.9960095770151636
17,18,c1,0.9903067040671704
17,18,s1,0.9960884021122629
18,18,e0,1.0
18,18,c0,1.0
18,18,s0,0.9960884021122629
18,18,e1,0.928172386272945
18,18,c1,0.9667289502584897
18,18,s1,0.91785644435752
19,18,e0,0.9361532322426177
19,18,c0,0.6658951001575082
19,18,s0,0.8552708781537258
19,18,e1,0.9920191540303273
19,18,c1,0.9829242536316516
19,18,s1,0.9843536084490514
20,18,e0,0.8723064644852354
20,18,c0,0.7959947435761547
20,18,s0,0.8709172697046743
20,18,e1,1.0
20,18,c1,1.0
20,18,s1,0.9921768042245257
21,18,e0,0.7086991221069433
21,18,c0,0.6400493217088723
21,18,s0,0.5462546450224917
21,18,e1,1.0
21,18,c1,1.0
21,18,s1,1.0
22,18,e0,1.0
22,18,c0,1.0
22,18,s0,1.0
22,18,e1,0.9960095770151636
22,18,c1,1.0
22,18,s1,0.9960884021122629
23,18,e0,0.8363926576217079
23,18,c0,0.9550022244538477
23,18,s0,0.7027185605319773
23,18,e1,1.0
23,18,c1,1.0
23,18,s1,1.0
24,18,e0,1.0
24,18,c0,1.0
24,18,s0,1.0
24,18,e1,1.0
24,18,c1,1.0
24,18,s1,1.0
25,18,e0,1.0
25,18,c0,1.0
25,18,s0,1.0
25,18,e1,1.0
25,18,c1,1.0
25,18,s1,1.0
26,18,e0,1.0
26,18,c0,1.0
26,18,s0,1.0
26,18,e1,1.0
26,18,c1,1.0
26,18,s1,0.9921768042245257
27,18,e0,1.0
27,18,c0,1.0
27,18,s0,1.0
27,18,e1,0.9840383080606544
27,18,c1,0.9829242536316516
27,18,s1,0.9843536084490514
28,18,e0,1.0
28,18,c0,1.0
28,18,s0,0.9921768042245257
28,18,e1,1.0
28,18,c1,1.0
28,18,s1,1.0
29,18,e0,1.0
29,18,c0,1.0
29,18,s0,1.0
29,18,e1,1.0
29,18,c1,1.0
29,18,s1,1.0
30,18,e0,1.0
30,18,c0,1.0
30,18,s0,1.0
30,18,e1,1.0
30,18,c1,1.0
30,18,s1,1.0
31,18,e0,1.0
31,18,c0,1.0
31,18,s0,0.9061216506943086
31,18,e1,1.0
31,18,c1,1.0
31,18,s1,1.0
1,19,e0,0.4014365522745411
1,19,c0,0.07923265547890154
1,19,s0,0.16682964991198904
1,19,e1,0.32561851556264965
1,19,c1,0.15138387493674813
1,19,s1,0.11989047525914336
2,19,e0,0.36951316839584997
2,19,c0,0.21492123718329204
2,19,s0,0.12771367103461764
2,19,e1,0.3934557063048683
2,19,c1,0.04910859318706606
2,19,s1,0.11206727948366907
3,19,e0,0.43735035913806863
3,19,c0,0.23258885662840884
3,19,s0,0.15900645413651476
3,19,e1,0.3575418994413408
3,19,c1,0.31730435298108983
3,19,s1,0.221592020340309
4,19,e0,0.5291300877893057
4,19,c0,0.5144827212096666
4,19,s0,0.2646195971054176
4,19,e1,0.3974461292897047
4,19,c1,0.17584454241749645
4,19,s1,0.12380207314688049
5,19,e0,0.533120510774142
5,19,c0,0.46380816714507056
5,19,s0,0.23723841189125758
5,19,e1,0.9720670391061452
5,19,c1,0.9829242536316516
5,19,s1,0.94523762957168
6,19,e0,0.8603351955307262
6,19,c0,0.9612268162686814
6,19,s0,0.7340113436338744
6,19,e1,0.9840383080606544
6,19,c1,0.9903067040671704
6,19,s1,0.8865636612556229
7,19,e0,0.9680766161213089
7,19,c0,0.9528444923826386
7,19,s0,0.8709172697046743
7,19,e1,0.9441340782122905
7,19,c1,0.9372256672713257
7,19,s1,0.9374144337962057
8,19,e0,0.6727853152434158
8,19,c0,0.6182102064595743
8,19,s0,0.3702327400743204
8,19,e1,0.9800478850758181
8,19,c1,1.0
8,19,s1,0.9843536084490514
9,19,e0,0.9521149241819633
9,19,c0,0.9608034210800065
9,19,s0,0.9530608253471543
9,19,e1,0.9960095770151636
9,19,c1,1.0
9,19,s1,0.9960884021122629
10,19,e0,0.9840383080606544
10,19,c0,0.9903067040671704
10,19,s0,0.97261881478584
10,19,e1,0.9521149241819633
10,19,c1,0.9456167682344823
10,19,s1,0.8318012908273029
11,19,e0,0.9561053471667997
11,19,c0,0.9635376617659922
11,19,s0,0.9413260316839429
11,19,e1,1.0
11,19,c1,1.0
11,19,s1,1.0
12,19,e0,1.0
12,19,c0,1.0
12,19,s0,1.0
12,19,e1,1.0
12,19,c1,1.0
12,19,s1,0.9960884021122629
13,19,e0,0.9920191540303273
13,19,c0,0.9829242536316516
13,19,s0,0.9882652063367886
13,19,e1,1.0
13,19,c1,1.0
13,19,s1,1.0
14,19,e0,1.0
14,19,c0,1.0
14,19,s0,1.0
14,19,e1,1.0
14,19,c1,1.0
14,19,s1,0.9960884021122629
15,19,e0,0.7286512370311253
15,19,c0,0.7697030411528113
15,19,s0,0.6323097985527087
15,19,e1,0.9960095770151636
15,19,c1,0.9903067040671704
15,19,s1,0.9960884021122629
16,19,e0,1.0
16,19,c0,1.0
16,19,s0,0.9413260316839429
16,19,e1,1.0
16,19,c1,1.0
16,19,s1,0.9921768042245257
17,19,e0,0.9920191540303273
17,19,c0,0.9806134081343407
17,19,s0,0.9921768042245257
17,19,e1,1.0
17,19,c1,1.0
17,19,s1,1.0
18,19,e0,1.0
18,19,c0,1.0
18,19,s0,1.0
18,19,e1,0.9880287310454908
18,19,c1,0.9829242536316516
18,19,s1,0.9921768042245257
19,19,e0,0.8603351955307262
19,19,c0,0.84507568751889
19,19,s0,0.49540387248190887
19,19,e1,1.0
19,19,c1,1.0
19,19,s1,0.9843536084490514
20,19,e0,1.0
20,19,c0,1.0
20,19,s0,1.0
20,19,e1,0.9920191540303273
20,19,c1,0.9903067040671704
20,19,s1,0.9882652063367886
21,19,e0,0.7326416600159616
21,19,c0,0.85021963614445
21,19,s0,0.5071386661451203
21,19,e1,1.0
21,19,c1,1.0
21,19,s1,1.0
22,19,e0,1.0
22,19,c0,1.0
22,19,s0,1.0
22,19,e1,1.0
22,19,c1,1.0
22,19,s1,1.0
23,19,e0,1.0
23,19,c0,1.0
23,19,s0,1.0
23,19,e1,1.0
23,19,c1,1.0
23,19,s1,0.9804420105613143
24,19,e0,1.0
24,19,c0,1.0
24,19,s0,0.9374144337962057
24,19,e1,1.0
24,19,c1,1.0
24,19,s1,1.0
25,19,e0,1.0
25,19,c0,1.0
25,19,s0,1.0
25,19,e1,1.0
25,19,c1,1.0
25,19,s1,1.0
26,19,e0,1.0
26,19,c0,1.0
26,19,s0,1.0
26,19,e1,1.0
26,19,c1,1.0
26,19,s1,1.0
27,19,e0,1.0
27,19,c0,1.0
27,19,s0,1.0
27,19,e1,1.0
27,19,c1,1.0
27,19,s1,1.0
28,19,e0,1.0
28,19,c0,1.0
28,19,s0,1.0
28,19,e1,1.0
28,19,c1,1.0
28,19,s1,1.0
29,19,e0,1.0
29,19,c0,1.0
29,19,s0,0.9843536084490514
29,19,e1,1.0
29,19,c1,1.0
29,19,s1,1.0
30,19,e0,1.0
30,19,c0,1.0
30,19,s0,1.0
30,19,e1,1.0
30,19,c1,1.0
30,19,s1,1.0
31,19,e0,1.0
31,19,c0,1.0
31,19,s0,1.0
31,19,e1,1.0
31,19,c1,1.0
31,19,s1,1.0
1,20,e0,0.4134078212290503
1,20,c0,0.03977719409163563
1,20,s0,0.12771367103461764
1,20,e1,0.35355147645650437
1,20,c1,0.2649396359938206
1,20,s1,0.20985722667709758
2,20,e0,0.40941739824421386
2,20,c0,0.07725919376409351
2,20,s0,0.13162526892235477
2,20,e1,0.3934557063048683
2,20,c1,0.08729715849813936
2,20,s1,0.07686289849403481
3,20,e0,0.3934557063048683
3,20,c0,0.13200618934788125
3,20,s0,0.15900645413651476
3,20,e1,0.42138866719872303
3,20,c1,0.26160943574957474
3,20,s1,0.18638763935067473
4,20,e0,0.43735035913806863
4,20,c0,0.2929948490991428
4,20,s0,0.248973205554469
4,20,e1,0.43735035913806863
4,20,c1,0.2820744635547943
4,20,s1,0.1824760414629376
5,20,e0,0.46528332003192335
5,20,c0,0.20931746007619412
5,20,s0,0.1433600625855662
5,20,e1,0.6568236233040702
5,20,c1,0.693646541173831
5,20,s1,0.585370623899863
6,20,e0,0.5291300877893057
6,20,c0,0.4296075460313353
6,20,s0,0.2959123802073147
6,20,e1,0.9561053471667997
6,20,c1,0.9511101251471769
6,20,s1,0.9139448464697829
7,20,e0,0.9880287310454908
7,20,c0,0.9903067040671704
7,20,s0,0.97261881478584
7,20,e1,0.9960095770151636
7,20,c1,1.0
7,20,s1,0.9960884021122629
8,20,e0,0.5889864325618516
8,20,c0,0.5023332686458882
8,20,s0,0.2646195971054176
8,20,e1,0.9680766161213089
8,20,c1,0.9441510699003328
8,20,s1,0.9608840211226286
9,20,e0,0.6687948922585794
9,20,c0,0.7403662960018716
9,20,s0,0.39370232740074323
9,20,e1,0.9880287310454908
9,20,c1,0.9903067040671704
9,20,s1,0.9882652063367886
10,20,e0,1.0
10,20,c0,1.0
10,20,s0,0.9335028359084686
10,20,e1,0.9880287310454908
10,20,c1,0.9806134081343407
10,20,s1,0.9882652063367886
11,20,e0,0.7126895450917797
11,20,c0,0.7504687757797965
11,20,s0,0.3897907295130061
11,20,e1,0.9760574620909817
11,20,c1,0.9667289502584897
11,20,s1,0.9765304126735772
12,20,e0,0.9201915403032721
12,20,c0,0.880809005633996
12,20,s0,0.8435360844905144
12,20,e1,1.0
12,20,c1,1.0
12,20,s1,0.9960884021122629
13,20,e0,0.8683160415003991
13,20,c0,0.8821308299737763
13,20,s0,0.8278896929395658
13,20,e1,0.9760574620909817
13,20,c1,0.9598572267773428
13,20,s1,0.91785644435752
14,20,e0,1.0
14,20,c0,1.0
14,20,s0,0.9960884021122629
14,20,e1,0.9960095770151636
14,20,c1,0.9903067040671704
14,20,s1,0.9960884021122629
15,20,e0,0.9840383080606544
15,20,c0,0.9829242536316516
15,20,s0,0.9843536084490514
15,20,e1,0.9960095770151636
15,20,c1,0.9903067040671704
15,20,s1,0.9960884021122629
16,20,e0,1.0
16,20,c0,1.0
16,20,s0,1.0
16,20,e1,1.0
16,20,c1,1.0
16,20,s1,1.0
17,20,e0,0.9920191540303273
17,20,c0,1.0
17,20,s0,0.9647956190103657
17,20,e1,1.0
17,20,c1,1.0
17,20,s1,1.0
18,20,e0,0.9880287310454908
18,20,c0,0.9903067040671704
18,20,s0,0.9882652063367886
18,20,e1,0.9920191540303273
18,20,c1,0.9903067040671704
18,20,s1,0.9921768042245257
19,20,e0,1.0
19,20,c0,1.0
19,20,s0,1.0
19,20,e1,1.0
19,20,c1,1.0
19,20,s1,1.0
20,20,e0,0.7725458898643256
20,20,c0,0.7376660119528774
20,20,s0,0.8005085077254058
20,20,e1,0.9561053471667997
20,20,c1,0.9829242536316516
20,20,s1,0.9569724232348914
21,20,e0,1.0
21,20,c0,1.0
21,20,s0,1.0
21,20,e1,0.9960095770151636
21,20,c1,1.0
21,20,s1,0.9960884021122629
22,20,e0,1.0
22,20,c0,1.0
22,20,s0,1.0
22,20,e1,1.0
22,20,c1,1.0
22,20,s1,1.0
23,20,e0,0.9920191540303273
23,20,c0,0.9829242536316516
23,20,s0,0.8318012908273029
23,20,e1,1.0
23,20,c1,1.0
23,20,s1,1.0
24,20,e0,0.9920191540303273
24,20,c0,0.9903067040671704
24,20,s0,0.9921768042245257
24,20,e1,1.0
24,20,c1,1.0
24,20,s1,1.0
25,20,e0,1.0
25,20,c0,1.0
25,20,s0,1.0
25,20,e1,1.0
25,20,c1,1.0
25,20,s1,0.9843536084490514
26,20,e0,1.0
26,20,c0,1.0
26,20,s0,1.0
26,20,e1,1.0
26,20,c1,1.0
26,20,s1,1.0
27,20,e0,1.0
27,20,c0,1.0
27,20,s0,1.0
27,20,e1,1.0
27,20,c1,1.0
27,20,s1,1.0
28,20,e0,1.0
28,20,c0,1.0
28,20,s0,1.0
28,20,e1,1.0
28,20,c1,1.0
28,20,s1,0.9335028359084686
29,20,e0,1.0
29,20,c0,1.0
29,20,s0,0.9765304126735772
29,20,e1,1.0
29,20,c1,1.0
29,20,s1,1.0
30,20,e0,1.0
30,20,c0,1.0
30,20,s0,1.0
30,20,e1,1.0
30,20,c1,1.0
30,20,s1,1.0
31,20,e0,1.0
31,20,c0,1.0
31,20,s0,0.9960884021122629
31,20,e1,1.0
31,20,c1,1.0
31,20,s1,1.0
1,21,e0,0.37350359138068634
1,21,c0,0.07041505681762199
1,21,s0,0.12380207314688049
1,21,e1,0.349561053471668
1,21,c1,0.26464071181985055
1,21,s1,0.19812243301388616
2,21,e0,0.35355147645650437
2,21,c0,0.2773274274072815
2,21,s0,0.20985722667709758
2,21,e1,0.37350359138068634
2,21,c1,0.09094385060430182
2,21,s1,0.13944846469782907
3,21,e0,0.441340782122905
3,21,c0,0.07836980123386406
3,21,s0,0.14727166047330334
3,21,e1,0.3974461292897047
3,21,c1,0.1975886698023586
3,21,s1,0.1433600625855662
4,21,e0,0.4493216280925778
4,21,c0,0.1380229359146053
4,21,s0,0.1042440837081948
4,21,e1,0.4134078212290503
4,21,c1,0.16200660942096326
4,21,s1,0.15118325836104046
5,21,e0,0.5291300877893057
5,21,c0,0.37952265170008237
5,21,s0,0.2567964013299433
5,21,e1,0.43735035913806863
5,21,c1,0.3136866765275542
5,21,s1,0.13944846469782907
6,21,e0,0.5011971268954509
6,21,c0,0.40158649036657723
6,21,s0,0.248973205554469
6,21,e1,0.4692737430167598
6,21,c1,0.25821533236405725
6,21,s1,0.2411500097789947
7,21,e0,0.4932162809257781
7,21,c0,0.5047877239864246
7,21,s0,0.19421083512614903
7,21,e1,0.8762968874700718
7,21,c1,0.8482418296468809
7,21,s1,0.7848621161744572
8,21,e0,0.8124501197126895
8,21,c0,0.9268207658064643
8,21,s0,0.499315470369646
8,21,e1,0.9680766161213089
8,21,c1,0.9487727608949544
8,21,s1,0.9608840211226286
9,21,e0,0.5570630486831604
9,21,c0,0.6259509556372874
9,21,s0,0.32720516330921184
9,21,e1,0.9960095770151636
9,21,c1,1.0
9,21,s1,0.9921768042245257
10,21,e0,0.9880287310454908
10,21,c0,0.9806134081343407
10,21,s0,0.97261881478584
10,21,e1,0.9920191540303273
10,21,c1,0.9829242536316516
10,21,s1,0.94523762957168
11,21,e0,0.9441340782122905
11,21,c0,0.9357687460142902
11,21,s0,0.9569724232348914
11,21,e1,1.0
11,21,c1,1.0
11,21,s1,0.9843536084490514
12,21,e0,1.0
12,21,c0,1.0
12,21,s0,0.9413260316839429
12,21,e1,1.0
12,21,c1,1.0
12,21,s1,1.0
13,21,e0,0.9880287310454908
13,21,c0,0.9829242536316516
13,21,s0,0.9804420105613143
13,21,e1,1.0
13,21,c1,1.0
13,21,s1,1.0
14,21,e0,1.0
14,21,c0,1.0
14,21,s0,1.0
14,21,e1,1.0
14,21,c1,1.0
14,21,s1,0.9960884021122629
15,21,e0,1.0
15,21,c0,1.0
15,21,s0,1.0
15,21,e1,1.0
15,21,c1,1.0
15,21,s1,0.9960884021122629
16,21,e0,0.9960095770151636
16,21,c0,1.0
16,21,s0,0.97261881478584
16,21,e1,1.0
16,21,c1,1.0
16,21,s1,1.0
17,21,e0,0.9561053471667997
17,21,c0,0.9379264780854993
17,21,s0,0.8200664971640915
17,21,e1,1.0
17,21,c1,1.0
17,21,s1,1.0
18,21,e0,0.9680766161213089
18,21,c0,0.9503985196151451
18,21,s0,0.9139448464697829
18,21,e1,1.0
18,21,c1,1.0
18,21,s1,1.0
19,21,e0,0.9760574620909817
19,21,c0,0.9732309576988218
19,21,s0,0.9569724232348914
19,21,e1,0.9960095770151636
19,21,c1,1.0
19,21,s1,0.9960884021122629
20,21,e0,1.0
20,21,c0,1.0
20,21,s0,1.0
20,21,e1,0.9960095770151636
20,21,c1,1.0
20,21,s1,1.0
21,21,e0,1.0
21,21,c0,1.0
21,21,s0,1.0
21,21,e1,1.0
21,21,c1,1.0
21,21,s1,1.0
22,21,e0,1.0
22,21,c0,1.0
22,21,s0,1.0
22,21,e1,1.0
22,21,c1,1.0
22,21,s1,1.0
23,21,e0,1.0
23,21,c0,1.0
23,21,s0,1.0
23,21,e1,1.0
23,21,c1,1.0
23,21,s1,1.0
24,21,e0,1.0
24,21,c0,1.0
24,21,s0,1.0
24,21,e1,1.0
24,21,c1,1.0
24,21,s1,1.0
25,21,e0,1.0
25,21,c0,1.0
25,21,s0,1.0
25,21,e1,1.0
25,21,c1,1.0
25,21,s1,1.0
26,21,e0,1.0
26,21,c0,1.0
26,21,s0,1.0
26,21,e1,0.9680766161213089
26,21,c1,0.9598572267773428
26,21,s1,0.9687072168981029
27,21,e0,0.7326416600159616
27,21,c0,0.5496687558623945
27,21,s0,0.5697242323489146
27,21,e1,1.0
27,21,c1,1.0
27,21,s1,1.0
28,21,e0,1.0
28,21,c0,1.0
28,21,s0,1.0
28,21,e1,1.0
28,21,c1,1.0
28,21,s1,1.0
29,21,e0,1.0
29,21,c0,1.0
29,21,s0,0.9960884021122629
29,21,e1,0.9920191540303273
29,21,c1,0.9829242536316516
29,21,s1,0.9960884021122629
30,21,e0,1.0
30,21,c0,1.0
30,21,s0,0.9960884021122629
30,21,e1,1.0
30,21,c1,1.0
30,21,s1,1.0
31,21,e0,1.0
31,21,c0,1.0
31,21,s0,0.9491492274594172
31,21,e1,1.0
31,21,c1,1.0
31,21,s1,1.0
1,22,e0,0.37350359138068634
1,22,c0,0.11521432674641341
1,22,s0,0.13553686681009192
1,22,e1,0.3934557063048683
1,22,c1,0.393094174240107
1,22,s1,0.15900645413651476
2,22,e0,0.38148443735035914
2,22,c0,0.16173646622075016
2,22,s0,0.16291805202425189
2,22,e1,0.31763766959297685
2,22,c1,0.06427589026012788
2,22,s1,0.16291805202425189
3,22,e0,0.38148443735035914
3,22,c0,0.0312714602067372
3,22,s0,0.10815568159593193
3,22,e1,0.4333599361532322
3,22,c1,0.35370421817166575
3,22,s1,0.22550361822804615
4,22,e0,0.4333599361532322
4,22,c0,0.10425995077953759
4,22,s0,0.09642088793272051
4,22,e1,0.4014365522745411
4,22,c1,0.32772662554767207
4,22,s1,0.1707412477997262
5,22,e0,0.644852354349561
5,22,c0,0.7085271294671002
5,22,s0,0.32720516330921184
5,22,e1,0.5091779728651237
5,22,c1,0.2107719611554537
5,22,s1,0.221592020340309
6,22,e0,0.4972067039106145
6,22,c0,0.31275241482069094
6,22,s0,0.1550948562487776
6,22,e1,0.7525937749401437
6,22,c1,0.7547284863812599
6,22,s1,0.526696655583806
7,22,e0,0.6887470071827614
7,22,c0,0.7183408952759829
7,22,s0,0.5306082534715432
7,22,e1,0.9361532322426177
7,22,c1,0.9031828511127198
7,22,s1,0.9335028359084686
8,22,e0,0.573024740622506
8,22,c0,0.45700022542041574
8,22,s0,0.3506747506356347
8,22,e1,0.9441340782122905
8,22,c1,0.9399599079573114
8,22,s1,0.9491492274594172
9,22,e0,0.8284118116520351
9,22,c0,0.7980369494420505
9,22,s0,0.7418345394093487
9,22,e1,1.0
9,22,c1,1.0
9,22,s1,0.9687072168981029
10,22,e0,1.0
10,22,c0,1.0
10,22,s0,1.0
10,22,e1,0.960095770151636
10,22,c1,0.9302666120244818
10,22,s1,0.9413260316839429
11,22,e0,0.9760574620909817
11,22,c0,0.9667289502584897
11,22,s0,0.97261881478584
11,22,e1,0.9680766161213089
11,22,c1,0.9382343177989635
11,22,s1,0.9608840211226286
12,22,e0,1.0
12,22,c0,1.0
12,22,s0,0.9608840211226286
12,22,e1,0.9920191540303273
12,22,c1,0.9903067040671704
12,22,s1,0.9256796401329943
13,22,e0,1.0
13,22,c0,1.0
13,22,s0,0.9921768042245257
13,22,e1,0.9960095770151636
13,22,c1,0.9903067040671704
13,22,s1,0.9100332485820458
14,22,e0,1.0
14,22,c0,1.0
14,22,s0,0.9843536084490514
14,22,e1,1.0
14,22,c1,1.0
14,22,s1,0.9921768042245257
15,22,e0,0.8443735035913806
15,22,c0,0.8122432467799034
15,22,s0,0.6205750048894974
15,22,e1,1.0
15,22,c1,1.0
15,22,s1,1.0
16,22,e0,0.9401436552274541
16,22,c0,0.9359234723016526
16,22,s0,0.585370623899863
16,22,e1,1.0
16,22,c1,1.0
16,22,s1,1.0
17,22,e0,1.0
17,22,c0,1.0
17,22,s0,1.0
17,22,e1,1.0
17,22,c1,1.0
17,22,s1,1.0
18,22,e0,0.8962490023942538
18,22,c0,0.8896510404875357
18,22,s0,0.8826520633678858
18,22,e1,0.9960095770151636
18,22,c1,0.9903067040671704
18,22,s1,0.9960884021122629
19,22,e0,1.0
19,22,c0,1.0
19,22,s0,1.0
19,22,e1,1.0
19,22,c1,1.0
19,22,s1,1.0
20,22,e0,1.0
20,22,c0,1.0
20,22,s0,1.0
20,22,e1,1.0
20,22,c1,1.0
20,22,s1,1.0
21,22,e0,1.0
21,22,c0,1.0
21,22,s0,1.0
21,22,e1,1.0
21,22,c1,1.0
21,22,s1,1.0
22,22,e0,1.0
22,22,c0,1.0
22,22,s0,1.0
22,22,e1,1.0
22,22,c1,1.0
22,22,s1,1.0
23,22,e0,1.0
23,22,c0,1.0
23,22,s0,1.0
23,22,e1,1.0
23,22,c1,1.0
23,22,s1,1.0
24,22,e0,1.0
24,22,c0,1.0
24,22,s0,1.0
24,22,e1,1.0
24,22,c1,1.0
24,22,s1,1.0
25,22,e0,1.0
25,22,c0,1.0
25,22,s0,0.9765304126735772
25,22,e1,1.0
25,22,c1,1.0
25,22,s1,1.0
26,22,e0,1.0
26,22,c0,1.0
26,22,s0,1.0
26,22,e1,0.9561053471667997
26,22,c1,0.9460163589690097
26,22,s1,0.9530608253471543
27,22,e0,0.9640861931364725
27,22,c0,0.9658485072633031
27,22,s0,0.8591824760414629
27,22,e1,1.0
27,22,c1,1.0
27,22,s1,1.0
28,22,e0,1.0
28,22,c0,1.0
28,22,s0,0.9569724232348914
28,22,e1,1.0
28,22,c1,1.0
28,22,s1,0.9256796401329943
29,22,e0,1.0
29,22,c0,1.0
29,22,s0,0.9413260316839429
29,22,e1,1.0
29,22,c1,1.0
29,22,s1,1.0
30,22,e0,1.0
30,22,c0,1.0
30,22,s0,1.0
30,22,e1,1.0
30,22,c1,1.0
30,22,s1,1.0
31,22,e0,1.0
31,22,c0,1.0
31,22,s0,0.9530608253471543
31,22,e1,1.0
31,22,c1,1.0
31,22,s1,1.0
1,23,e0,0.2777334397446129
1,23,c0,0.2367249429062747
1,23,s0,0.10815568159593193
1,23,e1,0.3056664006384677
1,23,c1,0.062392492625475714
1,23,s1,0.12380207314688049
2,23,e0,0.3575418994413408
2,23,c0,0.161221420569348
2,23,s0,0.18638763935067473
2,23,e1,0.3335993615323224
2,23,c1,0.2079112836772665
2,23,s1,0.12771367103461764
3,23,e0,0.4573024740622506
3,23,c0,0.10164193065529456
3,23,s0,0.16291805202425189
3,23,e1,0.553072625698324
3,23,c1,0.5504366957464644
3,23,s1,0.4210835126149032
4,23,e0,0.4573024740622506
4,23,c0,0.07343833537006157
4,23,s0,0.13944846469782907
4,23,e1,0.3854748603351955
4,23,c1,0.033224460719630616
4,23,s1,0.1746528456874633
5,23,e0,0.461292897047087
5,23,c0,0.3815046398780726
5,23,s0,0.30764717387052615
5,23,e1,0.9640861931364725
5,23,c1,0.9404706349116833
5,23,s1,0.9139448464697829
6,23,e0,0.36951316839584997
6,23,c0,0.11944559440754252
6,23,s0,0.10815568159593193
6,23,e1,0.7924980047885076
6,23,c1,0.8736952240997895
6,23,s1,0.5931938196753374
7,23,e0,0.9441340782122905
7,23,c0,0.9561552113304734
7,23,s0,0.8396244866027772
7,23,e1,0.9361532322426177
7,23,c1,0.9325774575217927
7,23,s1,0.9256796401329943
8,23,e0,0.8084596967278531
8,23,c0,0.8485140552417897
8,23,s0,0.6010170154508117
8,23,e1,1.0
8,23,c1,1.0
8,23,s1,0.9921768042245257
9,23,e0,0.888268156424581
9,23,c0,0.936279472968662
9,23,s0,0.8943868570310972
9,23,e1,0.9760574620909817
9,23,c1,0.9764222461913193
9,23,s1,0.97261881478584
10,23,e0,1.0
10,23,c0,1.0
10,23,s0,0.9921768042245257
10,23,e1,0.9960095770151636
10,23,c1,0.9903067040671704
10,23,s1,0.9061216506943086
11,23,e0,0.9201915403032721
11,23,c0,0.9029298381856411
11,23,s0,0.8787404654801486
11,23,e1,1.0
11,23,c1,1.0
11,23,s1,0.9960884021122629
12,23,e0,0.9960095770151636
12,23,c0,0.9903067040671704
12,23,s0,0.9921768042245257
12,23,e1,0.9720670391061452
12,23,c1,0.9732309576988218
12,23,s1,0.97261881478584
13,23,e0,0.7366320830007981
13,23,c0,0.6693103480716217
13,23,s0,0.4797574809309603
13,23,e1,1.0
13,23,c1,1.0
13,23,s1,0.9921768042245257
14,23,e0,1.0
14,23,c0,1.0
14,23,s0,1.0
14,23,e1,1.0
14,23,c1,1.0
14,23,s1,1.0
15,23,e0,1.0
15,23,c0,1.0
15,23,s0,1.0
15,23,e1,0.9800478850758181
15,23,c1,0.9667289502584897
15,23,s1,0.9765304126735772
16,23,e0,1.0
16,23,c0,1.0
16,23,s0,1.0
16,23,e1,0.9880287310454908
16,23,c1,0.9732309576988218
16,23,s1,0.9882652063367886
17,23,e0,1.0
17,23,c0,1.0
17,23,s0,1.0
17,23,e1,1.0
17,23,c1,1.0
17,23,s1,1.0
18,23,e0,1.0
18,23,c0,1.0
18,23,s0,0.9843536084490514
18,23,e1,1.0
18,23,c1,1.0
18,23,s1,1.0
19,23,e0,1.0
19,23,c0,1.0
19,23,s0,1.0
19,23,e1,1.0
19,23,c1,1.0
19,23,s1,0.9882652063367886
20,23,e0,1.0
20,23,c0,1.0
20,23,s0,1.0
20,23,e1,0.9880287310454908
20,23,c1,1.0
20,23,s1,0.9882652063367886
21,23,e0,1.0
21,23,c0,1.0
21,23,s0,1.0
21,23,e1,1.0
21,23,c1,1.0
21,23,s1,1.0
22,23,e0,1.0
22,23,c0,1.0
22,23,s0,0.9882652063367886
22,23,e1,1.0
22,23,c1,1.0
22,23,s1,1.0
23,23,e0,0.9960095770151636
23,23,c0,1.0
23,23,s0,0.9960884021122629
23,23,e1,1.0
23,23,c1,1.0
23,23,s1,1.0
24,23,e0,0.9122106943335994
24,23,c0,0.9138421628144234
24,23,s0,0.8474476823782515
24,23,e1,1.0
24,23,c1,1.0
24,23,s1,1.0
25,23,e0,0.9960095770151636
25,23,c0,0.9903067040671704
25,23,s0,0.7965969098376687
25,23,e1,1.0
25,23,c1,1.0
25,23,s1,1.0
26,23,e0,1.0
26,23,c0,1.0
26,23,s0,1.0
26,23,e1,1.0
26,23,c1,1.0
26,23,s1,0.9413260316839429
27,23,e0,0.9960095770151636
27,23,c0,1.0
27,23,s0,0.9960884021122629
27,23,e1,1.0
27,23,c1,1.0
27,23,s1,1.0
28,23,e0,1.0
28,23,c0,1.0
28,23,s0,1.0
28,23,e1,1.0
28,23,c1,1.0
28,23,s1,1.0
29,23,e0,0.9361532322426177
29,23,c0,0.6222885232840458
29,23,s0,0.8826520633678858
29,23,e1,1.0
29,23,c1,1.0
29,23,s1,1.0
30,23,e0,1.0
30,23,c0,1.0
30,23,s0,1.0
30,23,e1,1.0
30,23,c1,1.0
30,23,s1,1.0
31,23,e0,1.0
31,23,c0,1.0
31,23,s0,1.0
31,23,e1,1.0
31,23,c1,1.0
31,23,s1,1.0
1,24,e0,0.31763766959297685
1,24,c0,0.28316570759781357
1,24,s0,0.08859769215724622
1,24,e1,0.29768555466879487
1,24,c1,0.21100452430597197
1,24,s1,0.19029923723841188
2,24,e0,0.4014365522745411
2,24,c0,0.3487776654058593
2,24,s0,0.2411500097789947
2,24,e1,0.37350359138068634
2,24,c1,0.17354025779710708
2,24,s1,0.10815568159593193
3,24,e0,0.441340782122905
3,24,c0,0.19150944066408723
3,24,s0,0.1550948562487776
3,24,e1,0.40941739824421386
3,24,c1,0.11125207378301133
3,24,s1,0.11206727948366907
4,24,e0,0.5211492418196328
4,24,c0,0.5402764665108015
4,24,s0,0.29200078231957755
4,24,e1,0.4533120510774142
4,24,c1,0.4888777981344324
4,24,s1,0.2685311949931547
5,24,e0,0.9361532322426177
5,24,c0,0.9399599079573114
5,24,s0,0.9022100528065715
5,24,e1,0.9042298483639266
5,24,c1,0.9137015926105052
5,24,s1,0.722276549970663
6,24,e0,0.47326416600159615
6,24,c0,0.26711598678129234
6,24,s0,0.11989047525914336
6,24,e1,0.9321628092577813
6,24,c1,0.9404706349116833
6,24,s1,0.9295912380207315
7,24,e0,0.5570630486831604
7,24,c0,0.2677108686118704
7,24,s0,0.2841775865441033
7,24,e1,0.9960095770151636
7,24,c1,0.9903067040671704
7,24,s1,0.9921768042245257
8,24,e0,0.7486033519553073
8,24,c0,0.7905573284831895
8,24,s0,0.40543712106395463
8,24,e1,0.9880287310454908
8,24,c1,1.0
8,24,s1,0.9882652063367886
9,24,e0,0.6209098164405427
9,24,c0,0.5229130282915079
9,24,s0,0.3545863485233718
9,24,e1,0.9042298483639266
9,24,c1,0.8533307782447456
9,24,s1,0.9061216506943086
10,24,e0,1.0
10,24,c0,1.0
10,24,s0,1.0
10,24,e1,0.9920191540303273
10,24,c1,0.9903067040671704
10,24,s1,0.9804420105613143
11,24,e0,0.553072625698324
11,24,c0,0.5760138521400247
11,24,s0,0.4171719147271661
11,24,e1,1.0
11,24,c1,1.0
11,24,s1,0.9921768042245257
12,24,e0,0.7964884277733439
12,24,c0,0.838983931462476
12,24,s0,0.5462546450224917
12,24,e1,1.0
12,24,c1,1.0
12,24,s1,0.9921768042245257
13,24,e0,1.0
13,24,c0,1.0
13,24,s0,1.0
13,24,e1,0.9760574620909817
13,24,c1,1.0
13,24,s1,0.9569724232348914
14,24,e0,0.9920191540303273
14,24,c0,1.0
14,24,s0,0.9921768042245257
14,24,e1,0.9521149241819633
14,24,c1,0.9285410218661339
14,24,s1,0.8239780950518287
15,24,e0,1.0
15,24,c0,1.0
15,24,s0,0.9960884021122629
15,24,e1,0.9960095770151636
15,24,c1,1.0
15,24,s1,0.9960884021122629
16,24,e0,1.0
16,24,c0,1.0
16,24,s0,0.9960884021122629
16,24,e1,1.0
16,24,c1,1.0
16,24,s1,1.0
17,24,e0,0.9960095770151636
17,24,c0,0.9903067040671704
17,24,s0,0.9882652063367886
17,24,e1,1.0
17,24,c1,1.0
17,24,s1,1.0
18,24,e0,1.0
18,24,c0,1.0
18,24,s0,1.0
18,24,e1,0.9960095770151636
18,24,c1,0.9903067040671704
18,24,s1,0.9960884021122629
19,24,e0,1.0
19,24,c0,1.0
19,24,s0,1.0
19,24,e1,1.0
19,24,c1,1.0
19,24,s1,1.0
20,24,e0,1.0
20,24,c0,1.0
20,24,s0,1.0
20,24,e1,0.9880287310454908
20,24,c1,0.9903067040671704
20,24,s1,0.9882652063367886
21,24,e0,1.0
21,24,c0,1.0
21,24,s0,1.0
21,24,e1,1.0
21,24,c1,1.0
21,24,s1,1.0
22,24,e0,1.0
22,24,c0,1.0
22,24,s0,1.0
22,24,e1,1.0
22,24,c1,1.0
22,24,s1,1.0
23,24,e0,1.0
23,24,c0,1.0
23,24,s0,0.9960884021122629
23,24,e1,1.0
23,24,c1,1.0
23,24,s1,1.0
24,24,e0,0.9680766161213089
24,24,c0,0.9593464998229709
24,24,s0,0.8318012908273029
24,24,e1,0.9960095770151636
24,24,c1,0.9903067040671704
24,24,s1,0.9960884021122629
25,24,e0,1.0
25,24,c0,1.0
25,24,s0,1.0
25,24,e1,1.0
25,24,c1,1.0
25,24,s1,0.9765304126735772
26,24,e0,0.8563447725458898
26,24,c0,0.6456714474762725
26,24,s0,0.8435360844905144
26,24,e1,1.0
26,24,c1,1.0
26,24,s1,1.0
27,24,e0,0.9082202713487629
27,24,c0,0.6794394927814542
27,24,s0,0.8826520633678858
27,24,e1,0.9241819632881085
27,24,c1,0.8972573219342366
27,24,s1,0.8826520633678858
28,24,e0,0.9840383080606544
28,24,c0,0.9829242536316516
28,24,s0,0.9491492274594172
28,24,e1,1.0
28,24,c1,1.0
28,24,s1,1.0
29,24,e0,1.0
29,24,c0,1.0
29,24,s0,0.9921768042245257
29,24,e1,1.0
29,24,c1,1.0
29,24,s1,1.0
30,24,e0,1.0
30,24,c0,1.0
30,24,s0,1.0
30,24,e1,1.0
30,24,c1,1.0
30,24,s1,1.0
31,24,e0,0.960095770151636
31,24,c0,0.9184243307446293
31,24,s0,0.8513592802659886
31,24,e1,1.0
31,24,c1,1.0
31,24,s1,0.9921768042245257
1,25,e0,0.3575587231479622
1,25,c0,0.16507955444808833
1,25,s0,0.1440297049052179
1,25,e1,0.3575587231479622
1,25,c1,0.08212748527923841
1,25,s1,0.16357240570646864
2,25,e0,0.38968078699056413
2,25,c0,0.17157978105607247
2,25,s0,0.11666992378346688
2,25,e1,0.4137723348725155
2,25,c1,0.18567077027624576
2,25,s1,0.16357240570646864
3,25,e0,0.4539249146757679
3,25,c0,0.2984543020844303
3,25,s0,0.11666992378346688
3,25,e1,0.42983336679381645
3,25,c1,0.26130159678402093
3,25,s1,0.20656634746922026
4,25,e0,0.38566552901023887
4,25,c0,0.18325913949518852
4,25,s0,0.18311510650771937
4,25,e1,0.6908251355149568
4,25,c1,0.7050300444896135
4,25,s1,0.6286886847762361
5,25,e0,0.42581810881349125
5,25,c0,0.25949152163994277
5,25,s0,0.1440297049052179
5,25,e1,0.5021080104396707
5,25,c1,0.5203116104305014
5,25,s1,0.16357240570646864
6,25,e0,0.36960449708893794
6,25,c0,0.1507917747514259
6,25,s0,0.1010357631424663
6,25,e1,0.8594659706886167
6,25,c1,0.8256236435677525
6,25,s1,0.8358413132694938
7,25,e0,0.6506725557117045
7,25,c0,0.7174711838259719
7,25,s0,0.44498729724447916
7,25,e1,1.0
7,25,c1,1.0
7,25,s1,1.0
8,25,e0,0.8674964866492673
8,25,c0,0.8890366032326761
8,25,s0,0.6873167871799882
8,25,e1,1.0
8,25,c1,1.0
8,25,s1,1.0
9,25,e0,0.9718931941377233
9,25,c0,0.9635376617659922
9,25,s0,0.9726402188782489
9,25,e1,0.9919694840393495
9,25,c1,0.9829242536316516
9,25,s1,0.9609145983974985
10,25,e0,0.9518169042360972
10,25,c0,0.9903067040671704
10,25,s0,0.7772132108657417
10,25,e1,1.0
10,25,c1,1.0
10,25,s1,0.9530975180769983
11,25,e0,0.6305962658100783
11,25,c0,0.6554210086485356
11,25,s0,0.41762751612272814
11,25,e1,0.8996185504918691
11,25,c1,0.8629132218666632
11,25,s1,0.8866523353527458
12,25,e0,0.8554507127082915
12,25,c0,0.8024256357157964
12,25,s0,0.6677740863787376
12,25,e1,1.0
12,25,c1,1.0
12,25,s1,0.9882743795192496
13,25,e0,0.9799237100983739
13,25,c0,0.9903067040671704
13,25,s0,0.7928473715067422
13,25,e1,1.0
13,25,c1,1.0
13,25,s1,1.0
14,25,e0,0.8715117446295925
14,25,c0,0.8210755111327029
14,25,s0,0.8632010943912448
14,25,e1,1.0
14,25,c1,1.0
14,25,s1,0.9843658393589995
15,25,e0,0.9799237100983739
15,25,c0,0.9658485072633031
15,25,s0,0.9804572991987492
15,25,e1,1.0
15,25,c1,1.0
15,25,s1,1.0
16,25,e0,0.8313591648263401
16,25,c0,0.8580106476809994
16,25,s0,0.49188977916748094
16,25,e1,1.0
16,25,c1,1.0
16,25,s1,1.0
17,25,e0,0.9678779361573981
17,25,c0,0.9806134081343407
17,25,s0,0.9335548172757475
17,25,e1,1.0
17,25,c1,1.0
17,25,s1,1.0
18,25,e0,1.0
18,25,c0,1.0
18,25,s0,1.0
18,25,e1,1.0
18,25,c1,1.0
18,25,s1,1.0
19,25,e0,1.0
19,25,c0,1.0
19,25,s0,1.0
19,25,e1,1.0
19,25,c1,1.0
19,25,s1,1.0
20,25,e0,1.0
20,25,c0,1.0
20,25,s0,0.9335548172757475
20,25,e1,1.0
20,25,c1,1.0
20,25,s1,0.9843658393589995
21,25,e0,1.0
21,25,c0,1.0
21,25,s0,1.0
21,25,e1,1.0
21,25,c1,1.0
21,25,s1,1.0
22,25,e0,0.9959847420196748
22,25,c0,1.0
22,25,s0,0.9960914598397499
22,25,e1,1.0
22,25,c1,1.0
22,25,s1,0.9921829196794997
23,25,e0,1.0
23,25,c0,1.0
23,25,s0,1.0
23,25,e1,1.0
23,25,c1,1.0
23,25,s1,1.0
24,25,e0,1.0
24,25,c0,1.0
24,25,s0,0.9960914598397499
24,25,e1,1.0
24,25,c1,1.0
24,25,s1,1.0
25,25,e0,1.0
25,25,c0,1.0
25,25,s0,1.0
25,25,e1,1.0
25,25,c1,1.0
25,25,s1,1.0
26,25,e0,0.9879542260590243
26,25,c0,0.9764222461913193
26,25,s0,0.9921829196794997
26,25,e1,1.0
26,25,c1,1.0
26,25,s1,1.0
27,25,e0,1.0
27,25,c0,1.0
27,25,s0,0.9648231385577487
27,25,e1,1.0
27,25,c1,1.0
27,25,s1,1.0
28,25,e0,0.7430234892591849
28,25,c0,0.9806134081343407
28,25,s0,0.6208716044557357
28,25,e1,1.0
28,25,c1,1.0
28,25,s1,0.9921829196794997
29,25,e0,1.0
29,25,c0,1.0
29,25,s0,1.0
29,25,e1,1.0
29,25,c1,1.0
29,25,s1,1.0
30,25,e0,1.0
30,25,c0,1.0
30,25,s0,0.9687316787179988
30,25,e1,1.0
30,25,c1,1.0
30,25,s1,1.0
31,25,e0,1.0
31,25,c0,1.0
31,25,s0,1.0
31,25,e1,1.0
31,25,c1,1.0
31,25,s1,1.0
