n,bottle,trial,generation
6,14,1,18
6,14,2,22
6,14,3,35
6,14,4,33
6,14,5,23
6,14,6,11
6,14,7,32
6,14,8,12
6,14,9,82
6,14,10,18
6,14,11,16
6,14,12,14
6,14,13,27
6,14,14,21
6,14,15,31
6,14,16,39
6,14,17,41
6,14,18,16
6,14,19,17
6,14,20,59
6,14,21,22
6,14,22,23
6,14,23,17
6,14,24,21
6,14,25,28
6,15,1,12
6,15,2,23
6,15,3,22
6,15,4,44
6,15,5,25
6,15,6,15
6,15,7,23
6,15,8,21
6,15,9,20
6,15,10,21
6,15,11,34
6,15,12,12
6,15,13,19
6,15,14,19
6,15,15,9
6,15,16,26
6,15,17,14
6,15,18,9
6,15,19,29
6,15,20,16
6,15,21,23
6,15,22,14
6,15,23,22
6,15,24,22
6,15,25,8
6,16,1,17
6,16,2,21
6,16,3,12
6,16,4,14
6,16,5,23
6,16,6,22
6,16,7,23
6,16,8,23
6,16,9,24
6,16,10,21
6,16,11,10
6,16,12,17
6,16,13,22
6,16,14,12
6,16,15,30
6,16,16,17
6,16,17,13
6,16,18,28
6,16,19,22
6,16,20,17
6,16,21,19
6,16,22,23
6,16,23,28
6,16,24,16
6,16,25,20
6,17,1,23
6,17,2,18
6,17,3,12
6,17,4,15
6,17,5,17
6,17,6,23
6,17,7,24
6,17,8,10
6,17,9,34
6,17,10,14
6,17,11,20
6,17,12,12
6,17,13,12
6,17,14,12
6,17,15,9
6,17,16,25
6,17,17,9
6,17,18,14
6,17,19,15
6,17,20,16
6,17,21,20
6,17,22,11
6,17,23,11
6,17,24,28
6,17,25,19
6,18,1,9
6,18,2,18
6,18,3,22
6,18,4,21
6,18,5,27
6,18,6,27
6,18,7,22
6,18,8,9
6,18,9,13
6,18,10,18
6,18,11,17
6,18,12,20
6,18,13,20
6,18,14,10
6,18,15,9
6,18,16,14
6,18,17,17
6,18,18,18
6,18,19,16
6,18,20,13
6,18,21,25
6,18,22,15
6,18,23,13
6,18,24,12
6,18,25,25
6,19,1,10
6,19,2,11
6,19,3,14
6,19,4,10
6,19,5,9
6,19,6,16
6,19,7,29
6,19,8,20
6,19,9,18
6,19,10,13
6,19,11,15
6,19,12,27
6,19,13,12
6,19,14,27
6,19,15,32
6,19,16,7
6,19,17,31
6,19,18,10
6,19,19,11
6,19,20,15
6,19,21,16
6,19,22,16
6,19,23,13
6,19,24,19
6,19,25,10
6,20,1,18
6,20,2,15
6,20,3,10
6,20,4,19
6,20,5,11
6,20,6,13
6,20,7,18
6,20,8,10
6,20,9,12
6,20,10,11
6,20,11,16
6,20,12,17
6,20,13,8
6,20,14,13
6,20,15,13
6,20,16,18
6,20,17,26
6,20,18,17
6,20,19,10
6,20,20,12
6,20,21,15
6,20,22,16
6,20,23,17
6,20,24,18
6,20,25,14
6,21,1,33
6,21,2,9
6,21,3,13
6,21,4,14
6,21,5,7
6,21,6,11
6,21,7,13
6,21,8,12
6,21,9,13
6,21,10,10
6,21,11,13
6,21,12,14
6,21,13,15
6,21,14,13
6,21,15,13
6,21,16,15
6,21,17,15
6,21,18,14
6,21,19,10
6,21,20,19
6,21,21,14
6,21,22,12
6,21,23,17
6,21,24,16
6,21,25,13
7,21,1,14
7,21,2,26
7,21,3,14
7,21,4,12
7,21,5,17
7,21,6,15
7,21,7,15
7,21,8,14
7,21,9,25
7,21,10,15
7,21,11,17
7,21,12,13
7,21,13,20
7,21,14,22
7,21,15,11
7,21,16,13
7,21,17,15
7,21,18,15
7,21,19,25
7,21,20,11
7,21,21,15
7,21,22,26
7,21,23,25
7,21,24,18
7,21,25,18
7,22,1,13
7,22,2,13
7,22,3,18
7,22,4,18
7,22,5,15
7,22,6,18
7,22,7,27
7,22,8,15
7,22,9,22
7,22,10,25
7,22,11,31
7,22,12,12
7,22,13,25
7,22,14,11
7,22,15,21
7,22,16,13
7,22,17,16
7,22,18,13
7,22,19,23
7,22,20,9
7,22,21,16
7,22,22,18
7,22,23,12
7,22,24,16
7,22,25,27
7,23,1,16
7,23,2,9
7,23,3,12
7,23,4,29
7,23,5,19
7,23,6,13
7,23,7,17
7,23,8,11
7,23,9,14
7,23,10,10
7,23,11,18
7,23,12,24
7,23,13,13
7,23,14,22
7,23,15,17
7,23,16,12
7,23,17,12
7,23,18,20
7,23,19,15
7,23,20,13
7,23,21,24
7,23,22,18
7,23,23,12
7,23,24,19
7,23,25,18
7,24,1,14
7,24,2,12
7,24,3,15
7,24,4,9
7,24,5,20
7,24,6,24
7,24,7,11
7,24,8,10
7,24,9,21
7,24,10,11
7,24,11,28
7,24,12,11
7,24,13,16
7,24,14,22
7,24,15,9
7,24,16,12
7,24,17,22
7,24,18,16
7,24,19,18
7,24,20,12
7,24,21,21
7,24,22,31
7,24,23,13
7,24,24,24
7,24,25,26
7,25,1,19
7,25,2,12
7,25,3,12
7,25,4,16
7,25,5,15
7,25,6,17
7,25,7,12
7,25,8,16
7,25,9,18
7,25,10,19
7,25,11,12
7,25,12,9
7,25,13,11
7,25,14,15
7,25,15,22
7,25,16,17
7,25,17,18
7,25,18,14
7,25,19,11
7,25,20,20
7,25,21,12
7,25,22,15
7,25,23,16
7,25,24,11
7,25,25,13
7,26,1,15
7,26,2,19
7,26,3,17
7,26,4,13
7,26,5,13
7,26,6,12
7,26,7,32
7,26,8,11
7,26,9,17
7,26,10,15
7,26,11,19
7,26,12,13
7,26,13,16
7,26,14,13
7,26,15,10
7,26,16,8
7,26,17,24
7,26,18,12
7,26,19,11
7,26,20,12
7,26,21,9
7,26,22,18
7,26,23,20
7,26,24,10
7,26,25,16
7,27,1,22
7,27,2,11
7,27,3,14
7,27,4,11
7,27,5,17
7,27,6,12
7,27,7,11
7,27,8,13
7,27,9,17
7,27,10,17
7,27,11,10
7,27,12,15
7,27,13,11
7,27,14,11
7,27,15,15
7,27,16,12
7,27,17,13
7,27,18,14
7,27,19,18
7,27,20,23
7,27,21,18
7,27,22,9
7,27,23,15
7,27,24,19
7,27,25,13
7,28,1,10
7,28,2,8
7,28,3,15
7,28,4,19
7,28,5,17
7,28,6,10
7,28,7,12
7,28,8,12
7,28,9,13
7,28,10,11
7,28,11,10
7,28,12,14
7,28,13,14
7,28,14,12
7,28,15,13
7,28,16,12
7,28,17,11
7,28,18,14
7,28,19,15
7,28,20,15
7,28,21,20
7,28,22,16
7,28,23,13
7,28,24,13
7,28,25,11
7,29,1,11
7,29,2,11
7,29,3,16
7,29,4,14
7,29,5,17
7,29,6,18
7,29,7,27
7,29,8,12
7,29,9,11
7,29,10,10
7,29,11,11
7,29,12,15
7,29,13,13
7,29,14,9
7,29,15,11
7,29,16,15
7,29,17,15
7,29,18,17
7,29,19,11
7,29,20,14
7,29,21,14
7,29,22,14
7,29,23,11
7,29,24,19
7,29,25,14
7,30,1,10
7,30,2,45
7,30,3,12
7,30,4,24
7,30,5,14
7,30,6,11
7,30,7,12
7,30,8,10
7,30,9,11
7,30,10,11
7,30,11,10
7,30,12,16
7,30,13,9
7,30,14,16
7,30,15,17
7,30,16,17
7,30,17,14
7,30,18,24
7,30,19,12
7,30,20,21
7,30,21,10
7,30,22,22
7,30,23,13
7,30,24,27
7,30,25,27
7,31,1,13
7,31,2,12
7,31,3,14
7,31,4,14
7,31,5,11
7,31,6,13
7,31,7,33
7,31,8,9
7,31,9,15
7,31,10,14
7,31,11,11
7,31,12,20
7,31,13,35
7,31,14,18
7,31,15,12
7,31,16,17
7,31,17,14
7,31,18,21
7,31,19,9
7,31,20,15
7,31,21,9
7,31,22,27
7,31,23,11
7,31,24,18
7,31,25,10
7,32,1,24
7,32,2,16
7,32,3,11
7,32,4,10
7,32,5,10
7,32,6,30
7,32,7,17
7,32,8,11
7,32,9,9
7,32,10,14
7,32,11,16
7,32,12,18
7,32,13,17
7,32,14,9
7,32,15,9
7,32,16,15
7,32,17,11
7,32,18,15
7,32,19,11
7,32,20,12
7,32,21,9
7,32,22,12
7,32,23,14
7,32,24,16
7,32,25,13
7,33,1,14
7,33,2,13
7,33,3,10
7,33,4,10
7,33,5,16
7,33,6,11
7,33,7,13
7,33,8,20
7,33,9,22
7,33,10,11
7,33,11,11
7,33,12,18
7,33,13,10
7,33,14,19
7,33,15,12
7,33,16,12
7,33,17,21
7,33,18,12
7,33,19,14
8,14,1,201
8,14,2,201
8,14,3,201
8,14,4,201
8,14,5,201
8,14,6,201
8,14,7,201
8,14,8,201
8,14,9,201
8,14,10,201
8,14,11,201
8,14,12,201
8,14,13,201
8,14,14,201
8,14,15,201
8,14,16,201
8,14,17,201
8,14,18,201
8,14,19,201
8,14,20,201
8,14,21,201
8,14,22,201
8,14,23,201
8,14,24,201
8,14,25,201
8,15,1,201
8,15,2,201
8,15,3,201
8,15,4,201
8,15,5,201
8,15,6,201
8,15,7,201
8,15,8,201
8,15,9,201
8,32,1,16
8,32,2,14
8,32,3,17
8,32,4,12
8,32,5,21
8,32,6,15
8,32,7,14
8,32,8,17
8,32,9,13
8,32,10,20
8,32,11,14
8,32,12,22
8,32,13,23
8,32,14,14
8,32,15,12
8,32,16,15
8,32,17,16
8,32,18,12
8,32,19,17
8,32,20,13
8,32,21,16
8,32,22,16
8,32,23,14
8,32,24,11
8,32,25,14
8,33,1,16
8,33,2,17
8,33,3,13
8,33,4,14
8,33,5,10
8,33,6,15
8,33,7,14
8,33,8,16
8,33,9,21
8,33,10,14
8,33,11,19
8,33,12,15
8,33,13,20
8,33,14,12
8,33,15,14
8,33,16,14
8,33,17,10
8,33,18,19
8,33,19,19
8,33,20,15
8,33,21,17
8,33,22,23
8,33,23,11
8,33,24,14
8,33,25,12
8,34,1,15
8,34,2,10
8,34,3,12
8,34,4,14
8,34,5,17
8,34,6,12
8,34,7,13
8,34,8,12
8,34,9,19
8,34,10,17
8,34,11,14
8,34,12,15
8,34,13,13
8,34,14,15
8,34,15,21
8,34,16,36
8,34,17,15
8,34,18,12
8,34,19,18
8,34,20,20
8,34,21,15
8,34,22,10
8,34,23,14
8,34,24,17
8,34,25,12
8,35,1,13
8,35,2,11
8,35,3,12
8,35,4,17
8,35,5,14
8,35,6,14
8,35,7,12
8,35,8,17
8,35,9,15
8,35,10,10
8,35,11,16
8,35,12,12
8,35,13,20
8,35,14,13
8,35,15,11
8,35,16,12
8,35,17,14
8,35,18,15
8,35,19,42
8,35,20,13
8,35,21,16
8,35,22,16
8,35,23,16
8,35,24,15
8,35,25,21
8,36,1,12
8,36,2,8
8,36,3,11
8,36,4,16
8,36,5,15
8,36,6,18
8,36,7,15
8,36,8,17
8,36,9,22
8,36,10,10
8,36,11,9
8,36,12,18
8,36,13,12
8,36,14,13
8,36,15,11
8,36,16,11
8,36,17,17
8,36,18,11
8,37,1,17
8,37,2,19
8,37,3,16
8,37,4,15
8,37,5,12
8,37,6,12
8,37,7,11
8,37,8,16
8,37,9,18
8,37,10,19
8,37,11,30
8,37,12,12
8,37,13,16
8,37,14,16
8,37,15,12
8,37,16,16
8,37,17,15
8,37,18,17
8,37,19,28
8,37,20,12
8,37,21,17
8,37,22,22
8,37,23,12
8,37,24,14
8,37,25,15
8,38,1,14
8,38,2,16
8,38,3,14
8,38,4,15
8,38,5,15
8,38,6,11
8,38,7,12
8,38,8,11
8,38,9,11
8,38,10,19
8,38,11,21
8,38,12,17
8,38,13,15
8,38,14,19
8,38,15,16
8,38,16,11
8,38,17,13
8,38,18,11
8,38,19,13
8,38,20,13
8,38,21,13
8,38,22,12
8,38,23,15
8,38,24,12
8,38,25,12
8,39,1,16
8,39,2,11
8,39,3,11
8,39,4,20
8,39,5,12
8,39,6,31
8,39,7,12
8,39,8,15
8,39,9,21
8,39,10,16
8,39,11,16
8,39,12,14
8,39,13,15
8,39,14,17
8,39,15,13
8,39,16,10
8,39,17,13
8,39,18,12
8,39,19,11
8,39,20,17
8,39,21,13
8,39,22,12
8,39,23,11
8,39,24,13
8,39,25,11
8,40,1,13
8,40,2,12
8,40,3,16
8,40,4,14
8,40,5,13
8,40,6,15
8,40,7,15
8,40,8,13
8,40,9,13
8,40,10,20
8,40,11,16
8,40,12,31
8,40,13,20
8,40,14,11
8,40,15,10
8,40,16,10
8,40,17,18
8,40,18,16
8,40,19,10
8,40,20,12
8,40,21,18
8,40,22,11
8,40,23,13
8,40,24,11
8,40,25,16
8,41,1,15
8,41,2,16
8,41,3,11
8,41,4,12
8,41,5,11
8,41,6,15
8,41,7,14
8,41,8,14
8,41,9,12
8,41,10,13
8,41,11,11
8,41,12,9
8,41,13,15
8,41,14,10
8,41,15,13
8,41,16,17
8,41,17,11
8,41,18,13
8,41,19,14
8,41,20,13
8,41,21,12
8,41,22,12
8,41,23,12
8,41,24,98
8,41,25,10
8,42,1,16
8,42,2,15
8,42,3,13
8,42,4,15
8,42,5,10
8,42,6,16
8,42,7,28
8,42,8,12
8,42,9,10
8,42,10,15
8,42,11,18
8,42,12,11
8,42,13,11
8,42,14,8
8,42,15,15
8,42,16,17
8,42,17,14
8,42,18,16
8,42,19,13
8,42,20,11
8,42,21,12
8,42,22,12
8,42,23,14
8,42,24,14
8,42,25,11
8,43,1,17
8,43,2,12
8,43,3,8
8,43,4,14
8,43,5,13
8,43,6,16
8,43,7,14
8,43,8,16
8,43,9,10
8,43,10,11
8,43,11,15
8,43,12,11
8,43,13,14
8,43,14,11
8,43,15,37
8,43,16,7
8,43,17,41
8,43,18,16
8,43,19,11
8,43,20,27
8,43,21,10
8,43,22,9
8,43,23,11
8,43,24,19
8,43,25,12
8,44,1,11
8,44,2,13
8,44,3,10
8,44,4,14
8,44,5,25
8,44,6,13
8,44,7,16
8,44,8,10
8,44,9,12
8,44,10,13
8,44,11,14
8,44,12,69
8,44,13,11
8,44,14,15
8,44,15,31
8,44,16,14
8,44,17,11
8,44,18,12
8,44,19,13
8,44,20,10
8,44,21,13
8,44,22,15
8,44,23,18
8,44,24,17
8,44,25,12
8,45,1,10
8,45,2,14
8,45,3,13
8,45,4,14
8,45,5,14
8,45,6,16
8,45,7,10
8,45,8,11
8,45,9,10
8,45,10,12
8,45,11,14
8,45,12,13
8,45,13,16
8,45,14,18
8,45,15,15
8,45,16,16
8,45,17,12
8,45,18,11
8,45,19,12
8,45,20,29
8,45,21,84
8,45,22,17
8,45,23,12
8,45,24,14
8,45,25,16
8,46,1,41
8,46,2,13
8,46,3,14
8,46,4,9
8,46,5,15
8,46,6,25
8,46,7,14
8,46,8,16
8,46,9,13
8,46,10,11
8,46,11,11
8,46,12,13
8,46,13,10
8,46,14,21
8,46,15,21
8,46,16,14
8,46,17,10
8,46,18,11
8,46,19,8
8,46,20,18
8,46,21,10
8,46,22,13
8,46,23,12
8,46,24,11
8,46,25,15
8,47,1,12
8,47,2,12
8,47,3,11
8,47,4,17
8,47,5,11
8,47,6,10
8,47,7,27
8,47,8,14
8,47,9,15
8,47,10,12
8,47,11,13
8,47,12,13
8,47,13,19
8,47,14,14
8,47,15,13
8,47,16,15
8,47,17,15
8,47,18,10
8,47,19,15
8,47,20,15
8,47,21,12
8,47,22,15
8,47,23,15
8,47,24,14
8,47,25,20
8,48,1,11
8,48,2,16
8,48,3,15
8,48,4,11
8,48,5,11
8,48,6,14
8,48,7,20
8,48,8,24
8,48,9,18
8,48,10,15
8,48,11,14
8,48,12,10
8,48,13,11
8,48,14,17
8,48,15,13
8,48,16,46
8,48,17,32
8,48,18,13
8,48,19,18
8,48,20,13
8,48,21,12
8,48,22,15
8,48,23,10
8,48,24,13
8,48,25,14
8,49,1,13
8,49,2,11
8,49,3,38
8,49,4,12
8,49,5,9
8,49,6,11
8,49,7,16
8,49,8,18
8,49,9,13
8,49,10,18
8,49,11,15
8,49,12,17
8,49,13,11
8,49,14,14
8,49,15,11
8,49,16,12
8,49,17,12
8,49,18,18
8,49,19,10
8,49,20,13
8,49,21,13
8,49,22,52
8,49,23,16
8,49,24,14
8,49,25,15
8,50,1,19
8,50,2,20
8,50,3,47
8,50,4,16
8,50,5,8
8,50,6,11
8,50,7,16
8,50,8,13
8,50,9,13
8,50,10,19
8,50,11,12
8,50,12,18
8,50,13,13
8,50,14,15
8,50,15,12
8,50,16,15
8,50,17,15
8,50,18,19
8,50,19,69
8,50,20,25
8,50,21,12
8,50,22,11
8,50,23,15
8,50,24,15
8,50,25,15
8,51,1,14
8,51,2,14
8,51,3,18
8,51,4,15
8,51,5,12
8,51,6,14
8,51,7,12
8,51,8,14
8,51,9,13
8,51,10,13
8,51,11,15
8,51,12,17
8,51,13,14
8,51,14,13
8,51,15,16
8,51,16,14
8,51,17,15
8,51,18,13
8,51,19,11
8,51,20,11
8,51,21,17
8,51,22,65
8,51,23,14
8,51,24,11
8,51,25,11
8,52,1,12
8,52,2,15
8,52,3,12
8,52,4,19
8,52,5,11
8,52,6,9
8,52,7,12
8,52,8,10
8,52,9,14
8,52,10,18
8,52,11,14
8,52,12,11
8,52,13,16
8,52,14,15
8,52,15,12
8,52,16,17
8,52,17,14
8,52,18,10
8,52,19,20
8,52,20,11
8,52,21,21
8,52,22,14
8,52,23,10
8,52,24,15
8,52,25,11
8,53,1,14
8,53,2,14
8,53,3,15
8,53,4,11
8,53,5,12
8,53,6,15
8,53,7,10
8,53,8,15
8,53,9,13
8,53,10,14
8,53,11,20
8,53,12,12
8,53,13,12
8,53,14,17
8,53,15,22
8,53,16,14
8,53,17,15
8,53,18,16
8,53,19,16
8,53,20,16
8,53,21,21
8,53,22,13
8,53,23,13
8,53,24,16
8,53,25,10
8,54,1,16
8,54,2,14
8,54,3,12
8,54,4,14
8,54,5,16
8,54,6,17
8,54,7,18
8,54,8,13
8,54,9,19
8,54,10,17
8,54,11,26
8,54,12,10
8,54,13,39
8,54,14,22
8,54,15,18
8,54,16,12
8,54,17,13
8,54,18,18
8,54,19,14
8,54,20,32
8,54,21,28
8,54,22,10
8,54,23,10
8,54,24,14
8,54,25,17
8,55,1,9
8,55,2,17
8,55,3,10
8,55,4,18
8,55,5,11
8,55,6,19
8,55,7,19
8,55,8,21
8,55,9,10
8,55,10,14
8,55,11,20
8,55,12,11
8,55,13,25
8,55,14,14
8,55,15,12
8,55,16,17
8,55,17,13
8,55,18,16
8,55,19,11
8,55,20,14
8,55,21,10
8,55,22,13
8,55,23,13
8,55,24,17
8,55,25,30
8,56,1,18
8,56,2,20
8,56,3,16
8,56,4,12
8,56,5,14
8,56,6,14
8,56,7,12
8,56,8,12
8,56,9,12
8,56,10,13
8,56,11,15
8,56,12,12
8,56,13,10
8,56,14,20
8,56,15,13
8,56,16,19
8,56,17,14
8,56,18,15
8,56,19,18
8,56,20,12
8,56,21,12
8,56,22,13
8,56,23,12
8,56,24,12
8,56,25,18
8,57,1,14
8,57,2,18
8,57,3,11
8,57,4,14
8,57,5,23
8,57,6,16
8,57,7,12
8,57,8,15
8,57,9,14
8,57,10,11
8,57,11,13
8,57,12,18
8,57,13,15
8,57,14,18
8,57,15,19
8,57,16,13
8,57,17,14
8,57,18,11
8,57,19,13
8,57,20,16
8,57,21,10
8,57,22,12
8,57,23,13
8,57,24,14
8,57,25,18
8,58,1,16
8,58,2,31
8,58,3,16
8,58,4,16
8,58,5,11
8,58,6,17
8,58,7,13
8,58,8,163
8,58,9,36
8,58,10,17
8,58,11,12
8,58,12,16
8,58,13,13
8,58,14,21
8,58,15,35
8,58,16,12
8,58,17,28
8,58,18,11
8,58,19,12
8,58,20,17
8,58,21,19
8,58,22,13
8,58,23,85
8,58,24,11
8,58,25,16
9,52,1,13
9,52,2,15
9,52,3,19
9,52,4,11
9,52,5,16
9,52,6,17
9,52,7,13
9,52,8,15
9,52,9,20
9,52,10,10
9,52,11,14
9,52,12,11
9,52,13,18
9,52,14,11
9,52,15,19
9,52,16,13
9,52,17,12
9,52,18,17
9,52,19,19
9,52,20,14
9,52,21,14
9,52,22,13
9,52,23,25
9,52,24,12
9,52,25,16
9,53,1,13
9,53,2,16
9,53,3,12
9,53,4,10
9,53,5,17
9,53,6,16
9,53,7,21
9,53,8,15
9,53,9,20
9,53,10,12
9,53,11,16
9,53,12,13
9,53,13,15
9,53,14,15
9,53,15,11
9,53,16,51
9,53,17,16
9,53,18,13
9,53,19,13
9,53,20,17
9,53,21,12
9,53,22,15
9,53,23,13
9,53,24,18
9,53,25,13
9,54,1,12
9,54,2,13
9,54,3,15
9,54,4,12
9,54,5,12
9,54,6,14
9,54,7,18
9,54,8,54
9,54,9,17
9,54,10,21
9,54,11,14
9,54,12,12
9,54,13,12
9,54,14,14
9,54,15,22
9,54,16,13
9,54,17,17
9,54,18,18
9,54,19,13
9,54,20,14
9,54,21,10
9,54,22,15
9,54,23,10
9,54,24,36
9,54,25,13
9,55,1,15
9,55,2,13
9,55,3,19
9,55,4,16
9,55,5,13
9,55,6,19
9,55,7,17
9,55,8,16
9,55,9,17
9,55,10,19
9,55,11,12
9,55,12,20
9,55,13,13
9,55,14,13
9,55,15,16
9,55,16,17
9,55,17,11
9,55,18,12
9,55,19,22
9,55,20,12
9,55,21,13
9,55,22,20
9,55,23,13
9,55,24,12
9,55,25,18
9,56,1,11
9,56,2,14
9,56,3,16
9,56,4,22
9,56,5,17
9,56,6,13
9,56,7,19
9,56,8,13
9,56,9,18
9,56,10,22
9,56,11,11
9,56,12,12
9,56,13,17
9,56,14,12
9,56,15,12
9,56,16,19
9,56,17,13
9,56,18,17
9,56,19,17
9,56,20,15
9,56,21,19
9,56,22,15
9,56,23,16
9,56,24,12
9,56,25,13
9,57,1,10
9,57,2,13
9,57,3,11
9,57,4,12
9,57,5,18
9,57,6,20
9,57,7,13
9,57,8,11
9,57,9,13
9,57,10,12
9,57,11,15
9,57,12,14
9,57,13,14
9,57,14,13
9,57,15,13
9,57,16,15
9,57,17,14
9,57,18,17
9,57,19,15
9,57,20,13
9,57,21,15
9,57,22,11
9,57,23,16
9,57,24,19
9,57,25,14
9,58,1,14
9,58,2,16
9,58,3,11
9,58,4,13
9,58,5,21
9,58,6,15
9,58,7,14
9,58,8,15
9,58,9,26
9,58,10,12
9,58,11,12
9,58,12,11
9,58,13,13
9,58,14,14
9,58,15,12
9,58,16,23
9,58,17,14
9,58,18,14
9,58,19,16
9,58,20,15
9,58,21,9
9,58,22,15
9,58,23,12
9,58,24,12
9,58,25,11
9,59,1,23
9,59,2,85
9,59,3,17
9,59,4,20
9,59,5,14
9,59,6,14
9,59,7,19
9,59,8,24
9,59,9,19
9,59,10,15
9,59,11,15
9,59,12,11
9,59,13,11
9,59,14,62
9,59,15,15
9,59,16,14
9,59,17,29
9,59,18,12
9,59,19,12
9,59,20,14
9,59,21,13
9,59,22,11
9,59,23,22
9,59,24,15
9,59,25,16
9,60,1,18
9,60,2,23
9,60,3,12
9,60,4,9
9,60,5,35
9,60,6,13
9,60,7,18
9,60,8,15
9,60,9,27
9,60,10,18
9,60,11,11
9,60,12,16
9,60,13,15
9,60,14,34
9,60,15,14
9,60,16,12
9,60,17,18
9,60,18,30
9,60,19,19
9,60,20,28
9,60,21,13
9,60,22,18
9,60,23,13
9,60,24,20
9,60,25,22
9,61,1,13
9,61,2,14
9,61,3,20
9,61,4,16
9,61,5,18
9,61,6,19
9,61,7,11
9,61,8,12
9,61,9,12
9,61,10,13
9,61,11,12
9,61,12,15
9,61,13,14
9,61,14,13
9,61,15,20
9,61,16,12
9,61,17,14
9,61,18,11
9,61,19,14
9,61,20,12
9,61,21,22
9,61,22,20
9,61,23,12
9,61,24,16
9,61,25,14
9,62,1,17
9,62,2,15
9,62,3,14
9,62,4,12
9,62,5,11
9,62,6,23
9,62,7,18
9,62,8,20
9,62,9,12
9,62,10,13
9,62,11,18
9,62,12,18
9,62,13,16
9,62,14,14
9,62,15,14
9,62,16,25
9,62,17,12
9,62,18,19
9,62,19,14
9,62,20,27
9,62,21,30
9,62,22,17
10,45,1,21
10,45,2,20
10,45,3,18
10,45,4,21
10,45,5,15
10,45,6,23
10,45,7,14
10,45,8,18
10,45,9,17
10,45,10,14
10,45,11,17
10,45,12,17
10,45,13,14
10,45,14,21
10,45,15,18
10,45,16,20
10,45,17,29
10,45,18,14
10,45,19,23
10,45,20,21
10,45,21,21
10,45,22,17
10,45,23,19
10,45,24,20
10,45,25,17
10,46,1,15
10,46,2,13
10,46,3,16
10,46,4,16
10,46,5,21
10,46,6,14
10,46,7,21
10,46,8,15
10,46,9,21
10,46,10,16
10,46,11,16
10,46,12,18
10,46,13,20
10,46,14,15
10,46,15,17
10,46,16,18
10,46,17,19
10,46,18,15
10,46,19,23
10,46,20,14
10,46,21,13
10,46,22,23
10,46,23,20
10,46,24,32
10,46,25,15
10,47,1,15
10,47,2,25
10,47,3,21
10,47,4,16
10,47,5,23
10,47,6,17
10,47,7,12
10,47,8,18
10,47,9,19
10,47,10,19
10,47,11,24
10,47,12,13
10,47,13,15
10,47,14,13
10,47,15,14
10,47,16,21
10,47,17,15
10,47,18,14
10,47,19,24
10,47,20,19
10,47,21,18
10,47,22,15
10,47,23,22
10,47,24,20
10,47,25,16
10,48,1,16
10,48,2,18
10,48,3,14
10,48,4,18
10,48,5,14
10,48,6,15
10,48,7,14
10,48,8,18
10,48,9,20
10,48,10,15
10,48,11,20
10,48,12,18
10,48,13,20
10,48,14,16
10,48,15,13
10,48,16,23
10,48,17,18
10,48,18,17
10,48,19,15
10,48,20,22
10,48,21,23
10,48,22,16
10,48,23,15
10,48,24,16
10,48,25,11
10,49,1,14
10,49,2,17
10,49,3,19
10,49,4,27
10,49,5,22
10,49,6,16
10,49,7,21
10,49,8,15
10,49,9,19
10,49,10,19
10,49,11,23
10,49,12,16
10,49,13,12
10,49,14,16
10,49,15,20
10,49,16,14
10,49,17,23
10,49,18,19
10,49,19,16
10,49,20,17
10,49,21,20
10,49,22,17
10,49,23,21
10,49,24,17
10,49,25,19
10,50,1,20
10,50,2,17
10,50,3,26
10,50,4,13
10,50,5,13
10,50,6,20
10,50,7,15
10,50,8,14
10,50,9,16
10,50,10,12
10,50,11,20
10,50,12,19
10,50,13,20
10,50,14,17
10,50,15,15
10,50,16,16
10,50,17,11
10,50,18,14
10,50,19,14
10,50,20,16
10,50,21,20
10,50,22,23
10,50,23,14
10,50,24,26
10,50,25,16
10,51,1,13
10,51,2,22
10,51,3,20
10,51,4,17
10,51,5,15
10,51,6,19
10,51,7,25
10,51,8,12
10,51,9,15
10,51,10,18
10,51,11,16
10,51,12,14
10,51,13,17
10,51,14,16
10,51,15,12
10,51,16,17
10,51,17,11
10,51,18,19
10,51,19,17
10,51,20,16
10,51,21,13
10,51,22,26
10,51,23,17
10,51,24,16
10,51,25,16
10,52,1,17
10,52,2,22
10,52,3,17
10,52,4,12
10,52,5,15
10,52,6,16
10,52,7,16
10,52,8,17
10,52,9,13
10,52,10,19
10,52,11,14
10,52,12,15
10,52,13,14
10,52,14,17
10,52,15,14
10,52,16,13
10,52,17,20
10,52,18,15
10,52,19,14
10,52,20,14
10,52,21,16
10,52,22,12
10,52,23,17
10,52,24,21
10,52,25,18
10,53,1,18
10,53,2,18
10,53,3,13
10,53,4,15
10,53,5,12
10,53,6,20
10,53,7,16
10,53,8,16
10,53,9,14
10,53,10,15
10,53,11,16
10,53,12,15
10,53,13,21
10,53,14,21
10,53,15,21
10,53,16,19
10,53,17,12
10,53,18,13
10,53,19,16
10,53,20,14
10,53,21,15
10,53,22,12
10,53,23,17
10,53,24,16
10,53,25,17
10,54,1,15
10,54,2,17
10,54,3,12
10,54,4,16
10,54,5,13
10,54,6,20
10,54,7,17
10,54,8,14
10,54,9,14
10,54,10,14
10,54,11,13
10,54,12,15
10,54,13,17
10,54,14,15
10,54,15,18
10,54,16,22
10,54,17,15
10,54,18,17
10,54,19,16
10,54,20,15
10,54,21,15
10,54,22,17
10,54,23,18
10,54,24,14
10,54,25,12
10,55,1,14
10,55,2,12
10,55,3,13
10,55,4,15
10,55,5,17
10,55,6,20
10,55,7,18
10,55,8,19
10,55,9,16
10,55,10,13
10,55,11,16
10,55,12,15
10,55,13,14
10,55,14,19
10,55,15,15
10,55,16,11
10,55,17,17
10,55,18,15
10,55,19,18
10,55,20,19
10,55,21,22
10,55,22,18
10,55,23,24
10,55,24,13
10,55,25,13
10,56,1,14
10,56,2,17
10,56,3,14
10,56,4,16
10,56,5,18
10,56,6,10
10,56,7,16
10,56,8,23
10,56,9,12
10,56,10,20
10,56,11,13
10,56,12,13
10,56,13,13
10,56,14,17
10,56,15,17
10,56,16,16
10,56,17,14
10,56,18,14
10,56,19,15
10,56,20,13
10,56,21,13
10,56,22,21
10,56,23,15
10,56,24,16
10,56,25,20
10,57,1,16
10,57,2,14
10,57,3,14
10,57,4,11
10,57,5,16
10,57,6,16
10,57,7,21
10,57,8,15
10,57,9,15
10,57,10,17
10,57,11,14
10,57,12,17
10,57,13,16
10,57,14,15
10,57,15,28
10,57,16,17
10,57,17,16
10,57,18,21
10,57,19,14
10,57,20,16
10,57,21,13
10,57,22,17
10,57,23,21
10,57,24,14
10,57,25,13
10,58,1,20
10,58,2,16
10,58,3,17
10,58,4,20
10,58,5,21
10,58,6,14
10,58,7,12
10,58,8,19
10,58,9,17
10,58,10,20
10,58,11,19
10,58,12,16
10,58,13,18
10,58,14,17
10,58,15,14
10,58,16,14
10,58,17,23
10,58,18,15
10,58,19,17
10,58,20,19
10,58,21,15
10,58,22,12
10,58,23,13
10,58,24,13
10,58,25,15
10,59,1,15
10,59,2,13
10,59,3,12
10,59,4,16
10,59,5,16
10,59,6,13
10,59,7,16
10,59,8,15
10,59,9,26
10,59,10,21
10,59,11,19
10,59,12,13
10,59,13,17
10,59,14,14
10,59,15,14
10,59,16,16
10,59,17,15
10,59,18,14
10,59,19,13
10,59,20,13
10,59,21,17
10,59,22,20
10,59,23,15
10,59,24,16
10,59,25,15
10,60,1,16
10,60,2,23
10,60,3,15
10,60,4,16
10,60,5,22
10,60,6,13
10,60,7,22
10,60,8,17
10,60,9,13
10,60,10,18
10,60,11,17
10,60,12,14
10,60,13,14
10,60,14,12
10,60,15,12
10,60,16,13
10,60,17,10
10,60,18,15
10,60,19,18
10,60,20,16
10,60,21,32
10,60,22,16
10,60,23,14
10,60,24,11
10,60,25,18
10,61,1,21
10,61,2,21
10,61,3,16
10,61,4,19
10,61,5,15
10,61,6,18
10,61,7,14
10,61,8,13
10,61,9,18
10,61,10,12
10,61,11,18
10,61,12,14
10,61,13,27
10,61,14,15
10,61,15,17
10,61,16,18
10,61,17,17
10,61,18,14
10,61,19,15
10,61,20,13
10,61,21,14
10,61,22,17
10,61,23,21
10,61,24,12
10,61,25,11
10,62,1,44
10,62,2,15
10,62,3,20
10,62,4,14
10,62,5,20
10,62,6,15
10,62,7,18
10,62,8,20
10,62,9,20
10,62,10,26
10,62,11,14
10,62,12,9
10,62,13,32
10,62,14,15
10,62,15,12
10,62,16,14
10,62,17,10
10,62,18,14
10,62,19,17
10,62,20,20
10,62,21,15
10,62,22,19
10,62,23,18
10,62,24,16
10,62,25,20
10,63,1,13
10,63,2,17
10,63,3,17
10,63,4,15
10,63,5,16
10,63,6,13
10,63,7,29
10,63,8,19
10,63,9,14
10,63,10,14
10,63,11,13
10,63,12,14
10,63,13,14
10,63,14,20
10,63,15,19
10,63,16,22
10,63,17,16
10,63,18,14
10,63,19,17
10,63,20,20
10,63,21,11
10,63,22,18
10,63,23,15
10,63,24,17
10,63,25,19
10,64,1,14
10,64,2,15
10,64,3,21
10,64,4,20
10,64,5,11
10,64,6,17
10,64,7,22
10,64,8,20
10,64,9,29
10,64,10,13
10,64,11,29
10,64,12,14
10,64,13,16
10,64,14,16
10,64,15,11
10,64,16,12
10,64,17,27
10,64,18,13
10,64,19,13
10,64,20,16
10,64,21,14
10,64,22,17
10,64,23,15
10,64,24,13
10,64,25,15
10,65,1,16
10,65,2,16
10,65,3,16
10,65,4,17
10,65,5,15
10,65,6,20
10,65,7,17
10,65,8,20
10,65,9,30
10,65,10,12
10,65,11,21
10,65,12,13
10,65,13,17
10,65,14,16
10,65,15,14
10,65,16,21
10,65,17,21
10,65,18,16
10,65,19,11
10,65,20,14
10,65,21,13
10,65,22,18
10,65,23,22
10,65,24,19
10,65,25,35
10,66,1,26
10,66,2,18
10,66,3,15
10,66,4,18
10,66,5,28
10,66,6,19
10,66,7,27
10,66,8,15
10,66,9,16
10,66,10,13
10,66,11,18
10,66,12,16
10,66,13,14
10,66,14,13
10,66,15,41
10,66,16,25
10,66,17,16
10,66,18,21
10,66,19,20
10,66,20,13
10,66,21,16
10,66,22,19
10,66,23,18
10,66,24,19
10,66,25,22
10,67,1,11
10,67,2,26
10,67,3,15
10,67,4,12
10,67,5,16
10,67,6,22
10,67,7,14
10,67,8,16
10,67,9,15
10,67,10,16
10,67,11,28
10,67,12,16
10,67,13,16
10,67,14,10
10,67,15,22
10,67,16,15
10,67,17,23
10,67,18,15
10,67,19,15
10,67,20,33
10,67,21,14
10,67,22,17
10,67,23,12
10,67,24,16
10,67,25,15
10,68,1,20
10,68,2,13
10,68,3,13
10,68,4,14
10,68,5,15
10,68,6,18
10,68,7,12
10,68,8,15
10,68,9,12
10,68,10,18
10,68,11,14
10,68,12,20
10,68,13,15
10,68,14,15
10,68,15,14
10,68,16,16
10,68,17,24
10,68,18,17
10,68,19,14
10,68,20,16
10,68,21,13
10,68,22,21
10,68,23,14
10,68,24,18
10,68,25,22
10,69,1,15
10,69,2,20
10,69,3,17
10,69,4,22
10,69,5,31
10,69,6,19
10,69,7,16
10,69,8,12
10,69,9,11
10,69,10,18
10,69,11,20
10,69,12,21
10,69,13,23
10,69,14,18
10,69,15,14
10,69,16,13
10,69,17,13
10,69,18,23
10,69,19,14
10,69,20,13
10,69,21,16
10,69,22,26
10,69,23,15
10,69,24,18
10,69,25,16
10,70,1,15
10,70,2,22
10,70,3,20
10,70,4,17
10,70,5,10
10,70,6,31
10,70,7,18
10,70,8,48
10,70,9,13
10,70,10,20
10,70,11,10
10,70,12,16
10,70,13,21
10,70,14,19
10,70,15,11
10,70,16,22
10,70,17,13
10,70,18,17
10,70,19,16
10,70,20,10
10,70,21,27
10,70,22,26
10,70,23,14
10,70,24,16
10,70,25,24
10,71,1,12
10,71,2,14
10,71,3,18
10,71,4,12
10,71,5,18
10,71,6,22
10,71,7,19
10,71,8,17
10,71,9,20
10,71,10,22
10,71,11,15
10,71,12,11
10,71,13,17
10,71,14,16
10,71,15,17
10,71,16,15
10,71,17,19
10,71,18,22
10,71,19,21
10,71,20,44
10,71,21,17
10,71,22,11
10,71,23,17
10,71,24,13
10,71,25,24
10,72,1,52
10,72,2,35
10,72,3,34
10,72,4,11
10,72,5,20
10,72,6,12
10,72,7,19
10,72,8,18
10,72,9,18
10,72,10,16
10,72,11,35
10,72,12,12
10,72,13,15
10,72,14,12
10,72,15,13
10,72,16,23
10,72,17,24
10,72,18,18
10,72,1,22
10,72,2,16
10,72,3,15
10,72,4,18
10,72,5,22
10,72,6,14
10,72,7,15
10,72,8,14
10,72,9,15
10,72,10,11
10,72,11,17
10,72,12,19
10,72,13,16
10,72,14,15
10,72,15,13
10,72,16,18
10,72,17,62
10,72,18,15
10,72,19,23
10,72,20,28
10,72,21,17
10,72,22,14
10,72,23,14
10,72,24,15
10,72,25,15
10,73,1,14
10,73,2,27
10,73,3,18
10,73,4,12
10,73,5,16
10,73,6,22
10,73,7,24
10,73,8,13
10,73,9,13
10,73,10,28
10,73,11,13
10,73,12,15
10,73,13,20
10,73,14,21
10,73,15,23
10,73,16,21
10,73,17,20
10,73,18,13
10,73,19,18
10,73,20,19
10,73,21,30
10,73,22,19
10,73,23,26
10,73,24,15
10,73,25,20
10,74,1,50
10,74,2,14
10,74,3,16
10,74,4,20
10,74,5,44
10,74,6,13
10,74,7,12
10,74,8,20
10,74,9,12
10,74,10,13
10,74,11,26
10,74,12,22
10,74,13,22
10,74,14,15
10,74,15,22
10,74,16,22
10,74,17,16
10,74,18,22
10,74,19,13
10,74,20,13
10,74,21,12
10,74,22,79
10,74,23,14
10,74,24,20
10,74,25,12
10,75,1,21
10,75,2,19
10,75,3,16
10,75,4,11
10,75,5,56
10,75,6,31
10,75,7,26
10,75,8,13
10,75,9,14
10,75,10,17
10,75,11,21
10,75,12,12
10,75,13,16
10,75,14,21
10,75,15,15
10,75,16,20
10,75,17,26
10,75,18,18
10,75,19,15
10,75,20,34
10,75,21,13
10,75,22,15
10,75,23,16
10,75,24,13
10,75,25,23
10,76,1,17
10,76,2,13
10,76,3,14
10,76,4,21
10,76,5,17
10,76,6,15
10,76,7,16
10,76,8,17
10,76,9,22
10,76,10,14
10,76,11,13
10,76,12,13
10,76,13,11
10,76,14,18
10,76,15,14
10,76,16,19
10,76,17,14
10,76,18,11
10,76,19,12
10,76,20,27
10,76,21,19
10,76,22,15
10,76,23,26
10,76,24,14
10,76,25,22
10,77,1,39
10,77,2,14
10,77,3,22
10,77,4,14
10,77,5,14
10,77,6,27
10,77,7,15
10,77,8,20
10,77,9,30
10,77,10,23
10,77,11,15
10,77,12,15
10,77,13,13
10,77,14,47
10,77,15,18
10,77,16,11
10,77,17,15
10,77,18,18
10,77,19,42
10,77,20,19
10,77,21,14
10,77,22,16
10,77,23,17
10,77,24,15
10,77,25,15
10,78,1,19
10,78,2,35
10,78,3,10
10,78,4,18
10,78,5,14
10,78,6,18
10,78,7,13
10,78,8,14
10,78,9,48
10,78,10,18
10,78,11,13
10,78,12,14
10,78,13,14
10,78,14,15
10,78,15,16
10,78,16,31
10,78,17,14
10,78,18,16
10,78,19,19
10,78,20,25
10,78,21,15
10,78,22,24
10,78,23,60
10,78,24,21
10,78,25,12
10,79,1,21
10,79,2,17
10,79,3,13
10,79,4,18
10,79,5,23
10,79,6,53
10,79,7,14
10,79,8,33
10,79,9,13
10,79,10,18
10,79,11,28
10,79,12,14
10,79,13,20
10,79,14,18
10,79,15,13
10,79,16,26
10,79,17,26
10,79,18,20
10,79,19,27
10,79,20,14
10,79,21,13
10,79,22,16
10,79,23,16
10,79,24,25
10,79,25,18
10,80,1,13
10,80,2,14
10,80,3,23
10,80,4,17
10,80,5,13
10,80,6,16
10,80,7,15
10,80,8,16
10,80,9,21
10,80,10,17
10,80,11,19
10,80,12,22
10,80,13,20
10,80,14,20
10,80,15,28
10,80,16,26
10,80,17,24
10,80,18,32
10,80,19,21
10,80,20,15
10,80,21,14
10,80,22,17
10,80,23,13
10,80,24,161
10,80,25,27
11,76,1,17
11,76,2,16
11,76,3,18
11,76,4,37
11,76,5,22
11,76,6,19
11,76,7,23
11,76,8,14
11,76,9,19
11,76,10,38
11,76,11,20
11,76,12,17
11,76,13,18
11,76,14,14
11,76,15,20
11,76,16,15
11,76,17,17
11,76,18,18
11,76,19,16
11,76,20,17
11,76,21,21
11,76,22,18
11,76,23,17
11,76,24,20
11,76,25,14
11,77,1,20
11,77,2,16
11,77,3,16
11,77,4,16
11,77,5,22
11,77,6,25
11,77,7,18
11,77,8,12
11,77,9,24
11,77,10,19
11,77,11,21
11,77,12,28
11,77,13,25
11,77,14,27
11,77,15,14
11,77,16,57
11,77,17,23
11,77,18,31
11,77,19,19
11,77,20,22
11,77,21,14
11,77,22,20
11,77,23,13
11,77,24,11
11,77,25,18
11,78,1,16
11,78,2,28
11,78,3,22
11,78,4,25
11,78,5,21
11,78,6,20
11,78,7,20
11,78,8,23
11,78,9,16
11,78,10,20
11,78,11,14
11,78,12,28
11,78,13,21
11,78,14,23
11,78,15,16
11,78,16,23
11,78,17,18
11,78,18,16
11,78,19,16
11,78,20,23
11,78,21,18
11,78,22,18
11,78,23,18
11,78,24,22
11,78,25,21
11,79,1,15
11,79,2,37
11,79,3,15
11,79,4,19
11,79,5,21
11,79,6,19
11,79,7,11
11,79,8,26
11,79,9,18
11,79,10,18
11,79,11,23
11,79,12,18
11,79,13,21
11,79,14,22
11,79,15,29
11,79,16,20
11,79,17,12
11,79,18,13
11,79,19,16
11,79,20,15
11,79,21,20
11,79,22,16
11,79,23,25
11,79,24,18
11,79,25,25
11,80,1,22
11,80,2,31
11,80,3,14
11,80,4,29
11,80,5,17
11,80,6,26
11,80,7,31
11,80,8,22
11,80,9,15
11,80,10,18
11,80,11,16
11,80,12,18
11,80,13,15
11,80,14,20
11,80,15,21
11,80,16,20
11,80,17,15
11,80,18,29
11,80,19,14
11,80,20,16
11,80,21,17
11,80,22,36
11,80,23,20
11,80,24,34
11,80,25,16
11,81,1,20
11,81,2,19
11,81,3,16
11,81,4,15
11,81,5,23
11,81,6,26
11,81,7,16
11,81,8,44
11,81,9,14
11,81,10,20
11,81,11,18
11,81,12,23
11,81,13,16
11,81,14,14
11,81,15,26
11,81,16,17
11,81,17,18
11,81,18,18
11,81,19,15
11,81,20,16
11,81,21,29
11,81,22,22
11,81,23,37
11,81,24,20
11,81,25,34
11,82,1,12
11,82,2,16
11,82,3,29
11,82,4,74
11,82,5,23
11,82,6,20
11,82,7,39
11,82,8,18
11,82,9,22
11,82,10,21
11,82,11,27
11,82,12,19
11,82,13,18
11,82,14,18
11,82,15,26
11,82,16,24
11,82,17,22
11,82,18,77
11,82,19,12
11,82,20,20
11,82,21,16
11,82,22,16
11,82,23,19
11,82,24,20
11,82,25,50
11,83,1,24
11,83,2,19
11,83,3,22
11,83,4,17
11,83,5,19
11,83,6,15
11,83,7,15
11,83,8,27
11,83,9,21
11,83,10,21
11,83,11,18
11,83,12,20
11,83,13,18
11,83,14,21
11,83,15,17
11,83,16,12
11,83,17,16
11,83,18,16
11,83,19,27
11,83,20,18
11,83,21,22
11,83,22,20
11,83,23,21
11,83,24,26
11,83,25,18
11,84,1,19
11,84,2,43
11,84,3,16
11,84,4,34
11,84,5,27
11,84,6,15
11,84,7,19
11,84,8,16
11,84,9,15
11,84,10,16
11,84,11,41
11,84,12,18
11,84,13,16
11,84,14,20
11,84,15,26
11,84,16,31
11,84,17,18
11,84,18,26
11,84,19,15
11,84,20,25
11,84,21,18
11,84,22,32
11,84,23,28
11,84,24,23
11,84,25,34
11,85,1,15
11,85,2,18
11,85,3,16
11,85,4,23
11,85,5,22
11,85,6,19
11,85,7,38
11,85,8,30
11,85,9,14
11,85,10,22
11,85,11,16
11,85,12,50
11,85,13,16
11,85,14,19
11,85,15,16
11,85,16,18
11,85,17,18
11,85,18,20
11,85,19,19
11,85,20,59
11,85,21,24
11,85,22,17
11,85,23,13
11,85,24,23
11,85,25,20
11,86,1,32
11,86,2,68
11,86,3,50
11,86,4,26
11,86,5,43
11,86,6,22
11,86,7,26
11,86,8,14
11,86,9,29
11,86,10,15
11,86,11,25
11,86,12,30
11,86,13,22
11,86,14,16
11,86,15,17
11,86,16,24
11,86,17,20
11,86,18,30
11,86,19,27
11,86,20,16
11,86,21,16
11,86,22,55
11,86,23,23
11,86,24,15
11,86,25,17
11,87,1,20
11,87,2,19
11,87,3,27
11,87,4,21
11,87,5,14
11,87,6,14
11,87,7,36
11,87,8,18
11,87,9,46
11,87,10,21
11,87,11,21
11,87,12,15
11,87,13,37
11,87,14,11
11,87,15,201
11,87,16,29
11,87,17,30
11,87,18,14
11,87,19,22
11,87,20,27
11,87,21,30
11,87,22,51
11,87,23,27
11,87,24,18
11,87,25,32
12,76,1,19
12,76,2,23
12,76,3,16
12,76,4,20
12,76,5,17
12,76,6,18
12,76,7,19
12,76,8,43
12,76,9,17
12,76,10,25
12,76,11,30
12,76,12,14
12,76,13,19
12,76,14,20
12,76,15,25
12,76,16,20
12,76,17,15
12,76,18,26
12,76,19,21
12,76,20,20
12,76,21,20
12,76,22,18
12,76,23,18
12,76,24,19
12,76,25,27
12,77,1,20
12,77,2,22
12,77,3,27
12,77,4,21
12,77,5,22
12,77,6,21
12,77,7,38
12,77,8,20
12,77,9,26
12,77,10,16
12,77,11,22
12,77,12,17
12,77,13,20
12,77,1,21
12,77,2,16
12,77,3,22
12,77,4,15
12,77,5,24
12,77,6,21
12,77,7,19
12,77,8,18
12,77,9,18
12,77,10,17
12,77,11,27
12,77,12,33
12,77,13,25
12,77,14,24
12,77,15,21
12,77,16,22
12,77,17,40
12,77,18,19
12,77,19,20
12,77,20,24
12,77,21,19
12,77,22,17
12,77,23,19
12,77,24,18
12,77,25,18
12,78,1,20
12,78,2,20
12,78,3,26
12,78,4,15
12,78,5,14
12,78,6,22
12,78,7,28
12,78,8,22
12,78,9,25
12,78,10,26
12,78,11,23
12,78,12,24
12,78,13,21
12,78,14,34
12,78,15,24
12,78,16,23
12,78,17,18
12,78,18,14
12,78,19,18
12,78,20,63
12,78,21,21
12,78,22,31
12,78,23,20
12,78,24,24
12,78,25,21
12,79,1,17
12,79,2,18
12,79,3,17
12,79,4,23
12,79,5,22
12,79,6,18
12,79,7,22
12,79,8,23
12,79,9,21
12,79,10,20
12,79,11,18
12,79,12,30
12,79,13,19
12,79,14,29
12,79,15,14
12,79,16,18
12,79,17,25
12,79,18,28
12,79,19,25
12,79,20,21
12,79,21,28
12,79,22,19
12,79,23,21
12,79,24,20
12,79,25,18
12,80,1,14
12,80,2,18
12,80,3,14
12,80,4,19
12,80,5,36
12,80,6,18
12,80,7,18
12,80,8,18
12,80,9,32
12,80,10,24
12,80,11,15
12,80,12,22
12,80,13,24
12,80,14,32
12,80,15,36
12,80,16,21
12,80,17,12
12,80,18,18
12,80,19,27
12,80,20,14
12,80,21,28
12,80,22,16
12,80,23,25
12,80,24,25
12,80,25,16
12,81,1,32
12,81,2,19
12,81,3,17
12,81,4,16
12,81,5,22
12,81,6,31
12,81,7,20
12,81,8,19
12,81,9,26
12,81,10,19
12,81,11,19
12,81,12,18
12,81,13,19
12,81,14,19
12,81,15,20
12,81,16,16
12,81,17,25
12,81,18,20
12,81,19,24
12,81,20,30
12,81,21,17
12,81,22,21
12,81,23,26
12,81,24,16
12,81,25,18
12,82,1,19
12,82,2,28
12,82,3,15
12,82,4,21
12,82,5,21
12,82,6,26
12,82,7,29
12,82,8,17
12,82,9,40
12,82,10,31
12,82,11,19
12,82,12,15
12,82,13,16
12,82,14,31
12,82,15,29
12,82,16,16
12,82,17,16
12,82,18,19
12,82,19,19
12,82,20,20
12,82,21,15
12,82,22,29
12,82,23,24
12,82,24,21
12,82,25,13
12,83,1,23
12,83,2,25
12,83,3,24
12,83,4,23
12,83,5,22
12,83,6,20
12,83,7,25
12,83,8,14
12,83,9,19
12,83,10,25
12,83,11,17
12,83,12,19
12,83,13,18
12,83,14,18
12,83,15,22
12,83,16,18
12,83,17,15
12,83,18,28
12,83,19,25
12,83,20,21
12,83,21,22
12,83,22,18
12,83,23,13
12,83,24,23
12,83,25,16
12,84,1,15
12,84,2,28
12,84,3,33
12,84,4,26
12,84,5,20
12,84,6,26
12,84,7,26
12,84,8,19
12,84,9,35
12,84,10,18
12,84,11,17
12,84,12,27
12,84,13,22
12,84,14,19
12,84,15,21
12,84,16,33
12,84,17,20
12,84,18,18
12,84,19,19
12,84,20,20
12,84,21,14
12,84,22,168
12,84,23,31
12,84,24,22
12,84,25,21
12,85,1,27
12,85,2,23
12,85,3,27
12,85,4,16
12,85,5,31
12,85,6,30
12,85,7,15
12,85,8,31
12,85,9,19
12,85,10,46
12,85,11,19
12,85,12,25
12,85,13,25
12,85,14,34
12,85,15,18
12,85,16,21
12,85,17,32
12,85,18,25
12,85,19,15
12,85,20,16
12,85,21,17
12,85,22,20
12,85,23,17
12,85,24,17
12,85,25,29
12,86,1,24
12,86,2,17
12,86,3,22
12,86,4,19
12,86,5,18
12,86,6,19
12,86,7,21
12,86,8,36
12,86,9,32
12,86,10,21
12,86,11,20
12,86,12,31
12,86,13,17
12,86,14,19
12,86,15,16
12,86,16,24
12,86,17,94
12,86,18,17
12,86,19,16
12,86,20,20
12,86,21,18
12,86,22,16
12,86,23,15
12,86,24,18
12,86,25,37
12,87,1,19
12,87,2,75
12,87,3,40
12,87,4,16
12,87,5,11
12,87,6,27
12,87,7,15
12,87,8,27
12,87,9,31
12,87,10,17
12,87,11,22
12,87,12,31
12,87,13,18
12,87,14,16
12,87,15,14
12,87,16,190
12,87,17,20
12,87,18,29
12,87,19,24
12,87,20,18
12,87,21,20
12,87,22,55
12,87,23,19
12,87,24,22
12,87,25,26
13,83,1,29
13,83,2,22
13,83,3,22
13,83,4,26
13,83,5,22
13,83,6,24
13,83,7,35
13,83,8,21
13,83,9,21
13,83,10,26
13,83,11,23
13,83,12,30
13,83,13,22
13,83,14,22
13,83,15,22
13,83,16,22
13,83,17,28
13,83,18,18
13,83,19,23
13,83,20,25
13,83,21,24
13,83,22,23
13,83,23,34
13,83,24,21
13,83,25,21
13,84,1,23
13,84,2,25
13,84,3,48
13,84,4,32
13,84,5,21
13,84,6,24
13,84,7,31
13,84,8,25
13,84,9,21
13,84,10,25
13,84,11,25
13,84,12,25
13,84,13,18
13,84,14,26
13,84,15,19
13,84,16,24
13,84,17,19
13,84,18,26
13,84,19,33
13,84,20,20
13,84,21,31
13,84,22,17
13,84,23,19
13,84,24,30
13,84,25,30
13,85,1,20
13,85,2,21
13,85,3,22
13,85,4,23
13,85,5,20
13,85,6,30
13,85,7,36
13,85,8,33
13,85,9,24
13,85,10,28
13,85,11,15
13,85,12,34
13,85,13,31
13,85,14,28
13,85,15,29
13,85,16,31
13,85,17,25
13,85,18,91
13,85,19,27
13,85,20,41
13,85,21,25
13,85,22,30
13,85,23,20
13,85,24,36
13,85,25,26
13,86,1,41
13,86,2,61
13,86,3,21
13,86,4,34
13,86,5,57
13,86,6,33
13,86,7,38
13,86,8,30
13,86,9,18
13,86,10,23
13,86,11,36
13,86,12,44
13,86,13,33
13,86,14,33
13,86,15,25
13,86,16,30
13,86,17,22
13,86,18,22
13,86,19,24
13,86,20,45
13,86,21,20
13,86,22,25
13,86,23,27
13,86,24,30
13,86,25,24
13,87,1,18
13,87,2,24
13,87,3,26
13,87,4,40
13,87,5,34
13,87,6,27
13,87,7,24
13,87,8,39
13,87,9,22
13,87,10,17
13,87,11,38
13,87,12,57
13,87,13,25
13,87,14,23
13,87,15,27
13,87,16,24
13,87,17,21
13,87,18,34
13,87,19,21
13,87,20,21
13,87,1,25
13,87,2,34
13,87,3,24
13,87,4,33
13,87,5,24
13,87,6,24
13,87,7,19
13,87,8,23
13,87,9,21
13,87,10,18
13,87,11,23
13,87,12,18
13,87,13,26
13,87,14,22
13,87,15,25
13,87,16,18
13,87,17,34
13,87,18,18
13,87,19,23
13,87,20,37
13,87,21,34
13,87,22,35
13,87,23,17
13,87,24,16
13,87,25,17
13,88,1,18
13,88,2,29
13,88,3,103
13,88,4,28
13,88,5,27
13,88,6,44
13,88,7,24
13,88,8,23
13,88,9,28
13,88,10,43
13,88,11,29
13,88,12,31
13,88,13,19
13,88,14,34
13,88,15,21
13,88,16,25
13,88,17,25
13,88,18,27
13,88,19,30
13,88,20,24
13,88,21,18
13,88,22,20
13,88,23,28
13,88,24,28
13,88,25,24
13,89,1,23
13,89,2,21
13,89,3,23
13,89,4,39
13,89,5,18
13,89,6,29
13,89,7,28
13,89,8,27
13,89,9,27
13,89,10,37
13,89,11,17
13,89,12,20
13,89,13,26
13,89,14,28
13,89,15,20
13,89,16,28
13,89,17,34
13,89,18,24
13,89,19,30
13,89,20,22
13,89,21,16
13,89,22,19
13,89,23,18
13,89,24,17
13,89,25,33
13,90,1,31
13,90,2,23
13,90,3,27
13,90,4,27
13,90,5,37
13,90,6,84
13,90,7,25
13,90,8,17
13,90,9,23
13,90,10,26
13,90,11,24
13,90,12,26
13,90,13,26
13,90,14,34
13,90,15,27
13,90,16,38
13,90,17,26
13,90,18,24
13,90,19,24
13,90,20,31
13,90,21,81
13,90,22,35
13,90,23,41
13,90,24,26
13,90,25,24
13,91,1,39
13,91,2,17
13,91,3,42
13,91,4,29
13,91,5,36
13,91,6,24
13,91,7,19
13,91,8,29
13,91,9,24
13,91,10,24
13,91,11,34
13,91,12,29
13,91,13,24
13,91,14,30
13,91,15,25
13,91,16,24
13,91,17,29
13,91,18,25
13,91,19,21
13,91,20,43
13,91,21,18
13,91,22,30
13,91,23,23
13,91,24,27
13,91,25,16
13,92,1,25
13,92,2,31
13,92,3,29
13,92,4,25
13,92,5,21
13,92,6,23
13,92,7,20
13,92,8,26
13,92,9,37
13,92,10,35
13,92,11,22
13,92,12,28
13,92,13,53
13,92,14,31
13,92,15,28
13,92,16,201
13,92,17,18
13,92,18,31
13,92,19,38
13,92,20,25
13,92,21,27
13,92,22,29
13,92,23,21
13,92,24,26
13,92,25,27
13,93,1,24
13,93,2,26
13,93,3,27
13,93,4,29
13,93,5,30
13,93,6,201
13,93,7,26
13,93,8,25
13,93,9,26
13,93,10,21
13,93,11,28
13,93,12,25
13,93,13,23
13,93,14,19
13,93,15,38
13,93,16,28
13,93,17,32
13,93,18,28
13,93,19,32
13,93,20,17
13,93,21,30
13,93,22,36
13,93,23,25
13,93,24,66
13,93,25,25
13,94,1,21
13,94,2,33
13,94,3,27
13,94,4,29
13,94,5,20
13,94,6,17
13,94,7,120
13,94,8,30
13,94,9,25
13,94,10,30
13,94,11,59
13,94,12,29
13,94,13,27
13,94,14,82
13,94,15,46
13,94,16,28
13,94,17,60
13,94,18,27
13,94,19,72
13,94,20,35
13,94,21,46
13,94,22,24
13,94,23,31
13,94,24,47
13,94,25,33
14,87,1,46
14,87,2,38
14,87,3,32
14,87,4,61
14,87,5,31
14,87,6,21
14,87,7,54
14,87,8,24
14,87,9,38
14,87,10,43
14,87,11,49
14,87,12,32
14,87,13,50
14,87,14,41
14,87,15,29
14,87,16,48
14,87,17,30
14,87,18,35
14,87,19,34
14,87,20,21
14,87,21,31
14,87,22,28
14,87,23,41
14,87,24,31
14,87,25,47
14,88,1,48
14,88,2,31
14,88,3,33
14,88,4,30
14,88,5,35
14,88,6,39
14,88,7,21
14,88,8,29
14,88,9,42
14,88,10,40
14,88,11,32
14,88,12,56
14,88,13,26
14,88,14,38
14,88,15,27
14,88,16,44
14,88,17,52
14,88,18,45
14,88,19,43
14,88,20,65
14,88,21,34
14,88,22,36
14,88,23,32
14,88,24,72
14,88,25,31
14,89,1,64
14,89,2,31
14,89,3,58
14,89,4,54
14,89,5,47
14,89,6,17
14,89,7,46
14,89,8,28
14,89,9,35
14,89,10,45
14,89,11,61
14,89,12,57
14,89,13,36
14,89,14,24
14,89,15,52
14,89,16,25
14,89,17,31
14,89,18,74
14,89,19,39
14,89,20,38
14,89,21,72
14,89,22,26
14,89,23,53
14,89,24,70
14,89,25,39
14,90,1,33
14,90,2,31
14,90,3,33
14,90,4,44
14,90,5,23
14,90,6,37
14,90,7,49
14,90,8,36
14,90,9,50
14,90,10,24
14,90,11,43
14,90,12,43
14,90,13,42
14,90,14,40
14,90,15,47
14,90,16,44
14,90,17,27
14,90,18,33
14,90,19,35
14,90,20,32
14,90,21,29
14,90,22,41
14,90,23,27
14,90,24,30
14,90,25,29
14,91,1,31
14,91,2,32
14,91,3,45
14,91,4,47
14,91,5,27
14,91,6,47
14,91,7,45
14,91,8,25
14,91,9,30
14,91,10,40
14,91,11,75
14,91,12,25
14,91,13,31
14,91,14,32
14,91,15,30
14,91,16,33
14,91,17,31
14,91,18,29
14,91,19,31
14,91,20,29
14,91,21,46
14,91,22,51
14,91,23,42
14,91,24,52
14,91,25,60
14,92,1,49
14,92,2,33
14,92,3,26
14,92,4,29
14,92,5,55
14,92,6,35
14,92,7,32
14,92,8,23
14,92,9,25
14,92,10,39
14,92,11,29
14,92,12,29
14,92,13,22
14,92,14,37
14,92,15,56
14,92,16,35
14,92,17,25
14,92,18,44
14,92,19,33
14,92,20,31
14,92,21,29
14,92,22,37
14,92,23,32
14,92,24,29
14,92,25,49
14,93,1,36
